x,y
-1.762331838565022,-0.006726457399103
-1.762331838565022,0.006726457399103
-1.385650224215247,-0.006726457399103
-1.385650224215247,0.006726457399103
-1.358744394618834,-0.033632286995516
-1.358744394618834,-0.020179372197309
-1.358744394618834,-0.006726457399103
-1.358744394618834,0.006726457399103
-1.358744394618834,0.020179372197310
-1.358744394618834,0.033632286995516
-1.331838565022421,-0.047085201793722
-1.331838565022421,-0.033632286995516
-1.331838565022421,-0.020179372197309
-1.331838565022421,-0.006726457399103
-1.331838565022421,0.006726457399103
-1.331838565022421,0.020179372197310
-1.331838565022421,0.033632286995516
-1.331838565022421,0.047085201793722
-1.304932735426009,-0.047085201793722
-1.304932735426009,-0.033632286995516
-1.304932735426009,-0.020179372197309
-1.304932735426009,-0.006726457399103
-1.304932735426009,0.006726457399103
-1.304932735426009,0.020179372197310
-1.304932735426009,0.033632286995516
-1.304932735426009,0.047085201793722
-1.278026905829596,-0.047085201793722
-1.278026905829596,-0.033632286995516
-1.278026905829596,-0.020179372197309
-1.278026905829596,-0.006726457399103
-1.278026905829596,0.006726457399103
-1.278026905829596,0.020179372197310
-1.278026905829596,0.033632286995516
-1.278026905829596,0.047085201793722
-1.251121076233184,-0.006726457399103
-1.251121076233184,0.006726457399103
-1.224215246636771,-0.100896860986547
-1.224215246636771,-0.087443946188341
-1.224215246636771,-0.073991031390134
-1.224215246636771,-0.060538116591928
-1.224215246636771,-0.047085201793722
-1.224215246636771,-0.033632286995516
-1.224215246636771,-0.020179372197309
-1.224215246636771,-0.006726457399103
-1.224215246636771,0.006726457399103
-1.224215246636771,0.020179372197310
-1.224215246636771,0.033632286995516
-1.224215246636771,0.047085201793722
-1.224215246636771,0.060538116591928
-1.224215246636771,0.073991031390135
-1.224215246636771,0.087443946188341
-1.224215246636771,0.100896860986547
-1.197309417040359,-0.141255605381166
-1.197309417040359,-0.127802690582960
-1.197309417040359,-0.114349775784753
-1.197309417040359,-0.100896860986547
-1.197309417040359,-0.087443946188341
-1.197309417040359,-0.073991031390134
-1.197309417040359,-0.060538116591928
-1.197309417040359,-0.047085201793722
-1.197309417040359,-0.033632286995516
-1.197309417040359,-0.020179372197309
-1.197309417040359,-0.006726457399103
-1.197309417040359,0.006726457399103
-1.197309417040359,0.020179372197310
-1.197309417040359,0.033632286995516
-1.197309417040359,0.047085201793722
-1.197309417040359,0.060538116591928
-1.197309417040359,0.073991031390135
-1.197309417040359,0.087443946188341
-1.197309417040359,0.100896860986547
-1.197309417040359,0.114349775784753
-1.197309417040359,0.127802690582960
-1.197309417040359,0.141255605381166
-1.170403587443946,-0.181614349775785
-1.170403587443946,-0.168161434977578
-1.170403587443946,-0.154708520179372
-1.170403587443946,-0.141255605381166
-1.170403587443946,-0.127802690582960
-1.170403587443946,-0.114349775784753
-1.170403587443946,-0.100896860986547
-1.170403587443946,-0.087443946188341
-1.170403587443946,-0.073991031390134
-1.170403587443946,-0.060538116591928
-1.170403587443946,-0.047085201793722
-1.170403587443946,-0.033632286995516
-1.170403587443946,-0.020179372197309
-1.170403587443946,-0.006726457399103
-1.170403587443946,0.006726457399103
-1.170403587443946,0.020179372197310
-1.170403587443946,0.033632286995516
-1.170403587443946,0.047085201793722
-1.170403587443946,0.060538116591928
-1.170403587443946,0.073991031390135
-1.170403587443946,0.087443946188341
-1.170403587443946,0.100896860986547
-1.170403587443946,0.114349775784753
-1.170403587443946,0.127802690582960
-1.170403587443946,0.141255605381166
-1.170403587443946,0.154708520179372
-1.170403587443946,0.168161434977579
-1.170403587443946,0.181614349775785
-1.143497757847534,-0.262331838565022
-1.143497757847534,-0.248878923766816
-1.143497757847534,-0.235426008968610
-1.143497757847534,-0.221973094170403
-1.143497757847534,-0.195067264573991
-1.143497757847534,-0.181614349775785
-1.143497757847534,-0.168161434977578
-1.143497757847534,-0.154708520179372
-1.143497757847534,-0.141255605381166
-1.143497757847534,-0.127802690582960
-1.143497757847534,-0.114349775784753
-1.143497757847534,-0.100896860986547
-1.143497757847534,-0.087443946188341
-1.143497757847534,-0.073991031390134
-1.143497757847534,-0.060538116591928
-1.143497757847534,-0.047085201793722
-1.143497757847534,-0.033632286995516
-1.143497757847534,-0.020179372197309
-1.143497757847534,-0.006726457399103
-1.143497757847534,0.006726457399103
-1.143497757847534,0.020179372197310
-1.143497757847534,0.033632286995516
-1.143497757847534,0.047085201793722
-1.143497757847534,0.060538116591928
-1.143497757847534,0.073991031390135
-1.143497757847534,0.087443946188341
-1.143497757847534,0.100896860986547
-1.143497757847534,0.114349775784753
-1.143497757847534,0.127802690582960
-1.143497757847534,0.141255605381166
-1.143497757847534,0.154708520179372
-1.143497757847534,0.168161434977579
-1.143497757847534,0.181614349775785
-1.143497757847534,0.195067264573991
-1.143497757847534,0.221973094170404
-1.143497757847534,0.235426008968610
-1.143497757847534,0.248878923766816
-1.143497757847534,0.262331838565022
-1.116591928251121,-0.248878923766816
-1.116591928251121,-0.235426008968610
-1.116591928251121,-0.208520179372197
-1.116591928251121,-0.195067264573991
-1.116591928251121,-0.181614349775785
-1.116591928251121,-0.168161434977578
-1.116591928251121,-0.154708520179372
-1.116591928251121,-0.141255605381166
-1.116591928251121,-0.127802690582960
-1.116591928251121,-0.114349775784753
-1.116591928251121,-0.100896860986547
-1.116591928251121,-0.087443946188341
-1.116591928251121,-0.073991031390134
-1.116591928251121,-0.060538116591928
-1.116591928251121,-0.047085201793722
-1.116591928251121,-0.033632286995516
-1.116591928251121,-0.020179372197309
-1.116591928251121,-0.006726457399103
-1.116591928251121,0.006726457399103
-1.116591928251121,0.020179372197310
-1.116591928251121,0.033632286995516
-1.116591928251121,0.047085201793722
-1.116591928251121,0.060538116591928
-1.116591928251121,0.073991031390135
-1.116591928251121,0.087443946188341
-1.116591928251121,0.100896860986547
-1.116591928251121,0.114349775784753
-1.116591928251121,0.127802690582960
-1.116591928251121,0.141255605381166
-1.116591928251121,0.154708520179372
-1.116591928251121,0.168161434977579
-1.116591928251121,0.181614349775785
-1.116591928251121,0.195067264573991
-1.116591928251121,0.208520179372197
-1.116591928251121,0.235426008968610
-1.116591928251121,0.248878923766816
-1.089686098654708,-0.235426008968610
-1.089686098654708,-0.221973094170403
-1.089686098654708,-0.208520179372197
-1.089686098654708,-0.195067264573991
-1.089686098654708,-0.181614349775785
-1.089686098654708,-0.168161434977578
-1.089686098654708,-0.154708520179372
-1.089686098654708,-0.141255605381166
-1.089686098654708,-0.127802690582960
-1.089686098654708,-0.114349775784753
-1.089686098654708,-0.100896860986547
-1.089686098654708,-0.087443946188341
-1.089686098654708,-0.073991031390134
-1.089686098654708,-0.060538116591928
-1.089686098654708,-0.047085201793722
-1.089686098654708,-0.033632286995516
-1.089686098654708,-0.020179372197309
-1.089686098654708,-0.006726457399103
-1.089686098654708,0.006726457399103
-1.089686098654708,0.020179372197310
-1.089686098654708,0.033632286995516
-1.089686098654708,0.047085201793722
-1.089686098654708,0.060538116591928
-1.089686098654708,0.073991031390135
-1.089686098654708,0.087443946188341
-1.089686098654708,0.100896860986547
-1.089686098654708,0.114349775784753
-1.089686098654708,0.127802690582960
-1.089686098654708,0.141255605381166
-1.089686098654708,0.154708520179372
-1.089686098654708,0.168161434977579
-1.089686098654708,0.181614349775785
-1.089686098654708,0.195067264573991
-1.089686098654708,0.208520179372197
-1.089686098654708,0.221973094170404
-1.089686098654708,0.235426008968610
-1.062780269058296,-0.235426008968610
-1.062780269058296,-0.221973094170403
-1.062780269058296,-0.208520179372197
-1.062780269058296,-0.195067264573991
-1.062780269058296,-0.181614349775785
-1.062780269058296,-0.168161434977578
-1.062780269058296,-0.154708520179372
-1.062780269058296,-0.141255605381166
-1.062780269058296,-0.127802690582960
-1.062780269058296,-0.114349775784753
-1.062780269058296,-0.100896860986547
-1.062780269058296,-0.087443946188341
-1.062780269058296,-0.073991031390134
-1.062780269058296,-0.060538116591928
-1.062780269058296,-0.047085201793722
-1.062780269058296,-0.033632286995516
-1.062780269058296,-0.020179372197309
-1.062780269058296,-0.006726457399103
-1.062780269058296,0.006726457399103
-1.062780269058296,0.020179372197310
-1.062780269058296,0.033632286995516
-1.062780269058296,0.047085201793722
-1.062780269058296,0.060538116591928
-1.062780269058296,0.073991031390135
-1.062780269058296,0.087443946188341
-1.062780269058296,0.100896860986547
-1.062780269058296,0.114349775784753
-1.062780269058296,0.127802690582960
-1.062780269058296,0.141255605381166
-1.062780269058296,0.154708520179372
-1.062780269058296,0.168161434977579
-1.062780269058296,0.181614349775785
-1.062780269058296,0.195067264573991
-1.062780269058296,0.208520179372197
-1.062780269058296,0.221973094170404
-1.062780269058296,0.235426008968610
-1.035874439461883,-0.248878923766816
-1.035874439461883,-0.235426008968610
-1.035874439461883,-0.221973094170403
-1.035874439461883,-0.208520179372197
-1.035874439461883,-0.195067264573991
-1.035874439461883,-0.181614349775785
-1.035874439461883,-0.168161434977578
-1.035874439461883,-0.154708520179372
-1.035874439461883,-0.141255605381166
-1.035874439461883,-0.127802690582960
-1.035874439461883,-0.114349775784753
-1.035874439461883,-0.100896860986547
-1.035874439461883,-0.087443946188341
-1.035874439461883,-0.073991031390134
-1.035874439461883,-0.060538116591928
-1.035874439461883,-0.047085201793722
-1.035874439461883,-0.033632286995516
-1.035874439461883,-0.020179372197309
-1.035874439461883,-0.006726457399103
-1.035874439461883,0.006726457399103
-1.035874439461883,0.020179372197310
-1.035874439461883,0.033632286995516
-1.035874439461883,0.047085201793722
-1.035874439461883,0.060538116591928
-1.035874439461883,0.073991031390135
-1.035874439461883,0.087443946188341
-1.035874439461883,0.100896860986547
-1.035874439461883,0.114349775784753
-1.035874439461883,0.127802690582960
-1.035874439461883,0.141255605381166
-1.035874439461883,0.154708520179372
-1.035874439461883,0.168161434977579
-1.035874439461883,0.181614349775785
-1.035874439461883,0.195067264573991
-1.035874439461883,0.208520179372197
-1.035874439461883,0.221973094170404
-1.035874439461883,0.235426008968610
-1.035874439461883,0.248878923766816
-1.008968609865471,-0.275784753363229
-1.008968609865471,-0.262331838565022
-1.008968609865471,-0.248878923766816
-1.008968609865471,-0.235426008968610
-1.008968609865471,-0.221973094170403
-1.008968609865471,-0.208520179372197
-1.008968609865471,-0.195067264573991
-1.008968609865471,-0.181614349775785
-1.008968609865471,-0.168161434977578
-1.008968609865471,-0.154708520179372
-1.008968609865471,-0.141255605381166
-1.008968609865471,-0.127802690582960
-1.008968609865471,-0.114349775784753
-1.008968609865471,-0.100896860986547
-1.008968609865471,-0.087443946188341
-1.008968609865471,-0.073991031390134
-1.008968609865471,-0.060538116591928
-1.008968609865471,-0.047085201793722
-1.008968609865471,-0.033632286995516
-1.008968609865471,-0.020179372197309
-1.008968609865471,-0.006726457399103
-1.008968609865471,0.006726457399103
-1.008968609865471,0.020179372197310
-1.008968609865471,0.033632286995516
-1.008968609865471,0.047085201793722
-1.008968609865471,0.060538116591928
-1.008968609865471,0.073991031390135
-1.008968609865471,0.087443946188341
-1.008968609865471,0.100896860986547
-1.008968609865471,0.114349775784753
-1.008968609865471,0.127802690582960
-1.008968609865471,0.141255605381166
-1.008968609865471,0.154708520179372
-1.008968609865471,0.168161434977579
-1.008968609865471,0.181614349775785
-1.008968609865471,0.195067264573991
-1.008968609865471,0.208520179372197
-1.008968609865471,0.221973094170404
-1.008968609865471,0.235426008968610
-1.008968609865471,0.248878923766816
-1.008968609865471,0.262331838565022
-1.008968609865471,0.275784753363229
-0.982062780269058,-0.248878923766816
-0.982062780269058,-0.235426008968610
-0.982062780269058,-0.221973094170403
-0.982062780269058,-0.208520179372197
-0.982062780269058,-0.195067264573991
-0.982062780269058,-0.181614349775785
-0.982062780269058,-0.168161434977578
-0.982062780269058,-0.154708520179372
-0.982062780269058,-0.141255605381166
-0.982062780269058,-0.127802690582960
-0.982062780269058,-0.114349775784753
-0.982062780269058,-0.100896860986547
-0.982062780269058,-0.087443946188341
-0.982062780269058,-0.073991031390134
-0.982062780269058,-0.060538116591928
-0.982062780269058,-0.047085201793722
-0.982062780269058,-0.033632286995516
-0.982062780269058,-0.020179372197309
-0.982062780269058,-0.006726457399103
-0.982062780269058,0.006726457399103
-0.982062780269058,0.020179372197310
-0.982062780269058,0.033632286995516
-0.982062780269058,0.047085201793722
-0.982062780269058,0.060538116591928
-0.982062780269058,0.073991031390135
-0.982062780269058,0.087443946188341
-0.982062780269058,0.100896860986547
-0.982062780269058,0.114349775784753
-0.982062780269058,0.127802690582960
-0.982062780269058,0.141255605381166
-0.982062780269058,0.154708520179372
-0.982062780269058,0.168161434977579
-0.982062780269058,0.181614349775785
-0.982062780269058,0.195067264573991
-0.982062780269058,0.208520179372197
-0.982062780269058,0.221973094170404
-0.982062780269058,0.235426008968610
-0.982062780269058,0.248878923766816
-0.955156950672646,-0.248878923766816
-0.955156950672646,-0.235426008968610
-0.955156950672646,-0.221973094170403
-0.955156950672646,-0.208520179372197
-0.955156950672646,-0.195067264573991
-0.955156950672646,-0.181614349775785
-0.955156950672646,-0.168161434977578
-0.955156950672646,-0.154708520179372
-0.955156950672646,-0.141255605381166
-0.955156950672646,-0.127802690582960
-0.955156950672646,-0.114349775784753
-0.955156950672646,-0.100896860986547
-0.955156950672646,-0.087443946188341
-0.955156950672646,-0.073991031390134
-0.955156950672646,-0.060538116591928
-0.955156950672646,-0.047085201793722
-0.955156950672646,-0.033632286995516
-0.955156950672646,-0.020179372197309
-0.955156950672646,-0.006726457399103
-0.955156950672646,0.006726457399103
-0.955156950672646,0.020179372197310
-0.955156950672646,0.033632286995516
-0.955156950672646,0.047085201793722
-0.955156950672646,0.060538116591928
-0.955156950672646,0.073991031390135
-0.955156950672646,0.087443946188341
-0.955156950672646,0.100896860986547
-0.955156950672646,0.114349775784753
-0.955156950672646,0.127802690582960
-0.955156950672646,0.141255605381166
-0.955156950672646,0.154708520179372
-0.955156950672646,0.168161434977579
-0.955156950672646,0.181614349775785
-0.955156950672646,0.195067264573991
-0.955156950672646,0.208520179372197
-0.955156950672646,0.221973094170404
-0.955156950672646,0.235426008968610
-0.955156950672646,0.248878923766816
-0.928251121076233,-0.248878923766816
-0.928251121076233,-0.235426008968610
-0.928251121076233,-0.221973094170403
-0.928251121076233,-0.208520179372197
-0.928251121076233,-0.195067264573991
-0.928251121076233,-0.181614349775785
-0.928251121076233,-0.168161434977578
-0.928251121076233,-0.154708520179372
-0.928251121076233,-0.141255605381166
-0.928251121076233,-0.127802690582960
-0.928251121076233,-0.114349775784753
-0.928251121076233,-0.100896860986547
-0.928251121076233,-0.087443946188341
-0.928251121076233,-0.073991031390134
-0.928251121076233,-0.060538116591928
-0.928251121076233,-0.047085201793722
-0.928251121076233,-0.033632286995516
-0.928251121076233,-0.020179372197309
-0.928251121076233,-0.006726457399103
-0.928251121076233,0.006726457399103
-0.928251121076233,0.020179372197310
-0.928251121076233,0.033632286995516
-0.928251121076233,0.047085201793722
-0.928251121076233,0.060538116591928
-0.928251121076233,0.073991031390135
-0.928251121076233,0.087443946188341
-0.928251121076233,0.100896860986547
-0.928251121076233,0.114349775784753
-0.928251121076233,0.127802690582960
-0.928251121076233,0.141255605381166
-0.928251121076233,0.154708520179372
-0.928251121076233,0.168161434977579
-0.928251121076233,0.181614349775785
-0.928251121076233,0.195067264573991
-0.928251121076233,0.208520179372197
-0.928251121076233,0.221973094170404
-0.928251121076233,0.235426008968610
-0.928251121076233,0.248878923766816
-0.901345291479820,-0.221973094170403
-0.901345291479820,-0.208520179372197
-0.901345291479820,-0.195067264573991
-0.901345291479820,-0.181614349775785
-0.901345291479820,-0.168161434977578
-0.901345291479820,-0.154708520179372
-0.901345291479820,-0.141255605381166
-0.901345291479820,-0.127802690582960
-0.901345291479820,-0.114349775784753
-0.901345291479820,-0.100896860986547
-0.901345291479820,-0.087443946188341
-0.901345291479820,-0.073991031390134
-0.901345291479820,-0.060538116591928
-0.901345291479820,-0.047085201793722
-0.901345291479820,-0.033632286995516
-0.901345291479820,-0.020179372197309
-0.901345291479820,-0.006726457399103
-0.901345291479820,0.006726457399103
-0.901345291479820,0.020179372197310
-0.901345291479820,0.033632286995516
-0.901345291479820,0.047085201793722
-0.901345291479820,0.060538116591928
-0.901345291479820,0.073991031390135
-0.901345291479820,0.087443946188341
-0.901345291479820,0.100896860986547
-0.901345291479820,0.114349775784753
-0.901345291479820,0.127802690582960
-0.901345291479820,0.141255605381166
-0.901345291479820,0.154708520179372
-0.901345291479820,0.168161434977579
-0.901345291479820,0.181614349775785
-0.901345291479820,0.195067264573991
-0.901345291479820,0.208520179372197
-0.901345291479820,0.221973094170404
-0.874439461883408,-0.221973094170403
-0.874439461883408,-0.208520179372197
-0.874439461883408,-0.195067264573991
-0.874439461883408,-0.181614349775785
-0.874439461883408,-0.168161434977578
-0.874439461883408,-0.154708520179372
-0.874439461883408,-0.141255605381166
-0.874439461883408,-0.127802690582960
-0.874439461883408,-0.114349775784753
-0.874439461883408,-0.100896860986547
-0.874439461883408,-0.087443946188341
-0.874439461883408,-0.073991031390134
-0.874439461883408,-0.060538116591928
-0.874439461883408,-0.047085201793722
-0.874439461883408,-0.033632286995516
-0.874439461883408,-0.020179372197309
-0.874439461883408,-0.006726457399103
-0.874439461883408,0.006726457399103
-0.874439461883408,0.020179372197310
-0.874439461883408,0.033632286995516
-0.874439461883408,0.047085201793722
-0.874439461883408,0.060538116591928
-0.874439461883408,0.073991031390135
-0.874439461883408,0.087443946188341
-0.874439461883408,0.100896860986547
-0.874439461883408,0.114349775784753
-0.874439461883408,0.127802690582960
-0.874439461883408,0.141255605381166
-0.874439461883408,0.154708520179372
-0.874439461883408,0.168161434977579
-0.874439461883408,0.181614349775785
-0.874439461883408,0.195067264573991
-0.874439461883408,0.208520179372197
-0.874439461883408,0.221973094170404
-0.847533632286996,-0.195067264573991
-0.847533632286996,-0.181614349775785
-0.847533632286996,-0.168161434977578
-0.847533632286996,-0.154708520179372
-0.847533632286996,-0.141255605381166
-0.847533632286996,-0.127802690582960
-0.847533632286996,-0.114349775784753
-0.847533632286996,-0.100896860986547
-0.847533632286996,-0.087443946188341
-0.847533632286996,-0.073991031390134
-0.847533632286996,-0.060538116591928
-0.847533632286996,-0.047085201793722
-0.847533632286996,-0.033632286995516
-0.847533632286996,-0.020179372197309
-0.847533632286996,-0.006726457399103
-0.847533632286996,0.006726457399103
-0.847533632286996,0.020179372197310
-0.847533632286996,0.033632286995516
-0.847533632286996,0.047085201793722
-0.847533632286996,0.060538116591928
-0.847533632286996,0.073991031390135
-0.847533632286996,0.087443946188341
-0.847533632286996,0.100896860986547
-0.847533632286996,0.114349775784753
-0.847533632286996,0.127802690582960
-0.847533632286996,0.141255605381166
-0.847533632286996,0.154708520179372
-0.847533632286996,0.168161434977579
-0.847533632286996,0.181614349775785
-0.847533632286996,0.195067264573991
-0.820627802690583,-0.181614349775785
-0.820627802690583,-0.168161434977578
-0.820627802690583,-0.154708520179372
-0.820627802690583,-0.141255605381166
-0.820627802690583,-0.127802690582960
-0.820627802690583,-0.114349775784753
-0.820627802690583,-0.100896860986547
-0.820627802690583,-0.087443946188341
-0.820627802690583,-0.073991031390134
-0.820627802690583,-0.060538116591928
-0.820627802690583,-0.047085201793722
-0.820627802690583,-0.033632286995516
-0.820627802690583,-0.020179372197309
-0.820627802690583,-0.006726457399103
-0.820627802690583,0.006726457399103
-0.820627802690583,0.020179372197310
-0.820627802690583,0.033632286995516
-0.820627802690583,0.047085201793722
-0.820627802690583,0.060538116591928
-0.820627802690583,0.073991031390135
-0.820627802690583,0.087443946188341
-0.820627802690583,0.100896860986547
-0.820627802690583,0.114349775784753
-0.820627802690583,0.127802690582960
-0.820627802690583,0.141255605381166
-0.820627802690583,0.154708520179372
-0.820627802690583,0.168161434977579
-0.820627802690583,0.181614349775785
-0.793721973094170,-0.141255605381166
-0.793721973094170,-0.127802690582960
-0.793721973094170,-0.114349775784753
-0.793721973094170,-0.100896860986547
-0.793721973094170,-0.087443946188341
-0.793721973094170,-0.073991031390134
-0.793721973094170,-0.060538116591928
-0.793721973094170,-0.047085201793722
-0.793721973094170,-0.033632286995516
-0.793721973094170,-0.020179372197309
-0.793721973094170,-0.006726457399103
-0.793721973094170,0.006726457399103
-0.793721973094170,0.020179372197310
-0.793721973094170,0.033632286995516
-0.793721973094170,0.047085201793722
-0.793721973094170,0.060538116591928
-0.793721973094170,0.073991031390135
-0.793721973094170,0.087443946188341
-0.793721973094170,0.100896860986547
-0.793721973094170,0.114349775784753
-0.793721973094170,0.127802690582960
-0.793721973094170,0.141255605381166
-0.766816143497758,-0.087443946188341
-0.766816143497758,-0.073991031390134
-0.766816143497758,-0.060538116591928
-0.766816143497758,-0.047085201793722
-0.766816143497758,-0.033632286995516
-0.766816143497758,-0.020179372197309
-0.766816143497758,-0.006726457399103
-0.766816143497758,0.006726457399103
-0.766816143497758,0.020179372197310
-0.766816143497758,0.033632286995516
-0.766816143497758,0.047085201793722
-0.766816143497758,0.060538116591928
-0.766816143497758,0.073991031390135
-0.766816143497758,0.087443946188341
-0.739910313901345,-0.114349775784753
-0.739910313901345,-0.100896860986547
-0.739910313901345,-0.087443946188341
-0.739910313901345,-0.073991031390134
-0.739910313901345,-0.060538116591928
-0.739910313901345,-0.047085201793722
-0.739910313901345,-0.033632286995516
-0.739910313901345,-0.020179372197309
-0.739910313901345,-0.006726457399103
-0.739910313901345,0.006726457399103
-0.739910313901345,0.020179372197310
-0.739910313901345,0.033632286995516
-0.739910313901345,0.047085201793722
-0.739910313901345,0.060538116591928
-0.739910313901345,0.073991031390135
-0.739910313901345,0.087443946188341
-0.739910313901345,0.100896860986547
-0.739910313901345,0.114349775784753
-0.713004484304933,-0.235426008968610
-0.713004484304933,-0.208520179372197
-0.713004484304933,-0.195067264573991
-0.713004484304933,-0.181614349775785
-0.713004484304933,-0.168161434977578
-0.713004484304933,-0.154708520179372
-0.713004484304933,-0.141255605381166
-0.713004484304933,-0.127802690582960
-0.713004484304933,-0.114349775784753
-0.713004484304933,-0.100896860986547
-0.713004484304933,-0.087443946188341
-0.713004484304933,-0.073991031390134
-0.713004484304933,-0.060538116591928
-0.713004484304933,-0.047085201793722
-0.713004484304933,-0.033632286995516
-0.713004484304933,-0.020179372197309
-0.713004484304933,-0.006726457399103
-0.713004484304933,0.006726457399103
-0.713004484304933,0.020179372197310
-0.713004484304933,0.033632286995516
-0.713004484304933,0.047085201793722
-0.713004484304933,0.060538116591928
-0.713004484304933,0.073991031390135
-0.713004484304933,0.087443946188341
-0.713004484304933,0.100896860986547
-0.713004484304933,0.114349775784753
-0.713004484304933,0.127802690582960
-0.713004484304933,0.141255605381166
-0.713004484304933,0.154708520179372
-0.713004484304933,0.168161434977579
-0.713004484304933,0.181614349775785
-0.713004484304933,0.195067264573991
-0.713004484304933,0.208520179372197
-0.713004484304933,0.235426008968610
-0.686098654708520,-0.343049327354260
-0.686098654708520,-0.275784753363229
-0.686098654708520,-0.262331838565022
-0.686098654708520,-0.248878923766816
-0.686098654708520,-0.235426008968610
-0.686098654708520,-0.221973094170403
-0.686098654708520,-0.208520179372197
-0.686098654708520,-0.195067264573991
-0.686098654708520,-0.181614349775785
-0.686098654708520,-0.168161434977578
-0.686098654708520,-0.154708520179372
-0.686098654708520,-0.141255605381166
-0.686098654708520,-0.127802690582960
-0.686098654708520,-0.114349775784753
-0.686098654708520,-0.100896860986547
-0.686098654708520,-0.087443946188341
-0.686098654708520,-0.073991031390134
-0.686098654708520,-0.060538116591928
-0.686098654708520,-0.047085201793722
-0.686098654708520,-0.033632286995516
-0.686098654708520,-0.020179372197309
-0.686098654708520,-0.006726457399103
-0.686098654708520,0.006726457399103
-0.686098654708520,0.020179372197310
-0.686098654708520,0.033632286995516
-0.686098654708520,0.047085201793722
-0.686098654708520,0.060538116591928
-0.686098654708520,0.073991031390135
-0.686098654708520,0.087443946188341
-0.686098654708520,0.100896860986547
-0.686098654708520,0.114349775784753
-0.686098654708520,0.127802690582960
-0.686098654708520,0.141255605381166
-0.686098654708520,0.154708520179372
-0.686098654708520,0.168161434977579
-0.686098654708520,0.181614349775785
-0.686098654708520,0.195067264573991
-0.686098654708520,0.208520179372197
-0.686098654708520,0.221973094170404
-0.686098654708520,0.235426008968610
-0.686098654708520,0.248878923766816
-0.686098654708520,0.262331838565022
-0.686098654708520,0.275784753363229
-0.686098654708520,0.343049327354260
-0.659192825112108,-0.329596412556054
-0.659192825112108,-0.316143497757847
-0.659192825112108,-0.302690582959641
-0.659192825112108,-0.289237668161435
-0.659192825112108,-0.275784753363229
-0.659192825112108,-0.262331838565022
-0.659192825112108,-0.248878923766816
-0.659192825112108,-0.235426008968610
-0.659192825112108,-0.221973094170403
-0.659192825112108,-0.208520179372197
-0.659192825112108,-0.195067264573991
-0.659192825112108,-0.181614349775785
-0.659192825112108,-0.168161434977578
-0.659192825112108,-0.154708520179372
-0.659192825112108,-0.141255605381166
-0.659192825112108,-0.127802690582960
-0.659192825112108,-0.114349775784753
-0.659192825112108,-0.100896860986547
-0.659192825112108,-0.087443946188341
-0.659192825112108,-0.073991031390134
-0.659192825112108,-0.060538116591928
-0.659192825112108,-0.047085201793722
-0.659192825112108,-0.033632286995516
-0.659192825112108,-0.020179372197309
-0.659192825112108,-0.006726457399103
-0.659192825112108,0.006726457399103
-0.659192825112108,0.020179372197310
-0.659192825112108,0.033632286995516
-0.659192825112108,0.047085201793722
-0.659192825112108,0.060538116591928
-0.659192825112108,0.073991031390135
-0.659192825112108,0.087443946188341
-0.659192825112108,0.100896860986547
-0.659192825112108,0.114349775784753
-0.659192825112108,0.127802690582960
-0.659192825112108,0.141255605381166
-0.659192825112108,0.154708520179372
-0.659192825112108,0.168161434977579
-0.659192825112108,0.181614349775785
-0.659192825112108,0.195067264573991
-0.659192825112108,0.208520179372197
-0.659192825112108,0.221973094170404
-0.659192825112108,0.235426008968610
-0.659192825112108,0.248878923766816
-0.659192825112108,0.262331838565022
-0.659192825112108,0.275784753363229
-0.659192825112108,0.289237668161435
-0.659192825112108,0.302690582959641
-0.659192825112108,0.316143497757848
-0.659192825112108,0.329596412556054
-0.632286995515695,-0.437219730941704
-0.632286995515695,-0.423766816143498
-0.632286995515695,-0.410313901345291
-0.632286995515695,-0.383408071748879
-0.632286995515695,-0.369955156950672
-0.632286995515695,-0.356502242152466
-0.632286995515695,-0.343049327354260
-0.632286995515695,-0.329596412556054
-0.632286995515695,-0.316143497757847
-0.632286995515695,-0.302690582959641
-0.632286995515695,-0.289237668161435
-0.632286995515695,-0.275784753363229
-0.632286995515695,-0.262331838565022
-0.632286995515695,-0.248878923766816
-0.632286995515695,-0.235426008968610
-0.632286995515695,-0.221973094170403
-0.632286995515695,-0.208520179372197
-0.632286995515695,-0.195067264573991
-0.632286995515695,-0.181614349775785
-0.632286995515695,-0.168161434977578
-0.632286995515695,-0.154708520179372
-0.632286995515695,-0.141255605381166
-0.632286995515695,-0.127802690582960
-0.632286995515695,-0.114349775784753
-0.632286995515695,-0.100896860986547
-0.632286995515695,-0.087443946188341
-0.632286995515695,-0.073991031390134
-0.632286995515695,-0.060538116591928
-0.632286995515695,-0.047085201793722
-0.632286995515695,-0.033632286995516
-0.632286995515695,-0.020179372197309
-0.632286995515695,-0.006726457399103
-0.632286995515695,0.006726457399103
-0.632286995515695,0.020179372197310
-0.632286995515695,0.033632286995516
-0.632286995515695,0.047085201793722
-0.632286995515695,0.060538116591928
-0.632286995515695,0.073991031390135
-0.632286995515695,0.087443946188341
-0.632286995515695,0.100896860986547
-0.632286995515695,0.114349775784753
-0.632286995515695,0.127802690582960
-0.632286995515695,0.141255605381166
-0.632286995515695,0.154708520179372
-0.632286995515695,0.168161434977579
-0.632286995515695,0.181614349775785
-0.632286995515695,0.195067264573991
-0.632286995515695,0.208520179372197
-0.632286995515695,0.221973094170404
-0.632286995515695,0.235426008968610
-0.632286995515695,0.248878923766816
-0.632286995515695,0.262331838565022
-0.632286995515695,0.275784753363229
-0.632286995515695,0.289237668161435
-0.632286995515695,0.302690582959641
-0.632286995515695,0.316143497757848
-0.632286995515695,0.329596412556054
-0.632286995515695,0.343049327354260
-0.632286995515695,0.356502242152466
-0.632286995515695,0.369955156950673
-0.632286995515695,0.383408071748879
-0.632286995515695,0.410313901345292
-0.632286995515695,0.423766816143498
-0.632286995515695,0.437219730941704
-0.605381165919282,-0.437219730941704
-0.605381165919282,-0.423766816143498
-0.605381165919282,-0.410313901345291
-0.605381165919282,-0.396860986547085
-0.605381165919282,-0.383408071748879
-0.605381165919282,-0.369955156950672
-0.605381165919282,-0.356502242152466
-0.605381165919282,-0.343049327354260
-0.605381165919282,-0.329596412556054
-0.605381165919282,-0.316143497757847
-0.605381165919282,-0.302690582959641
-0.605381165919282,-0.289237668161435
-0.605381165919282,-0.275784753363229
-0.605381165919282,-0.262331838565022
-0.605381165919282,-0.248878923766816
-0.605381165919282,-0.235426008968610
-0.605381165919282,-0.221973094170403
-0.605381165919282,-0.208520179372197
-0.605381165919282,-0.195067264573991
-0.605381165919282,-0.181614349775785
-0.605381165919282,-0.168161434977578
-0.605381165919282,-0.154708520179372
-0.605381165919282,-0.141255605381166
-0.605381165919282,-0.127802690582960
-0.605381165919282,-0.114349775784753
-0.605381165919282,-0.100896860986547
-0.605381165919282,-0.087443946188341
-0.605381165919282,-0.073991031390134
-0.605381165919282,-0.060538116591928
-0.605381165919282,-0.047085201793722
-0.605381165919282,-0.033632286995516
-0.605381165919282,-0.020179372197309
-0.605381165919282,-0.006726457399103
-0.605381165919282,0.006726457399103
-0.605381165919282,0.020179372197310
-0.605381165919282,0.033632286995516
-0.605381165919282,0.047085201793722
-0.605381165919282,0.060538116591928
-0.605381165919282,0.073991031390135
-0.605381165919282,0.087443946188341
-0.605381165919282,0.100896860986547
-0.605381165919282,0.114349775784753
-0.605381165919282,0.127802690582960
-0.605381165919282,0.141255605381166
-0.605381165919282,0.154708520179372
-0.605381165919282,0.168161434977579
-0.605381165919282,0.181614349775785
-0.605381165919282,0.195067264573991
-0.605381165919282,0.208520179372197
-0.605381165919282,0.221973094170404
-0.605381165919282,0.235426008968610
-0.605381165919282,0.248878923766816
-0.605381165919282,0.262331838565022
-0.605381165919282,0.275784753363229
-0.605381165919282,0.289237668161435
-0.605381165919282,0.302690582959641
-0.605381165919282,0.316143497757848
-0.605381165919282,0.329596412556054
-0.605381165919282,0.343049327354260
-0.605381165919282,0.356502242152466
-0.605381165919282,0.369955156950673
-0.605381165919282,0.383408071748879
-0.605381165919282,0.396860986547085
-0.605381165919282,0.410313901345292
-0.605381165919282,0.423766816143498
-0.605381165919282,0.437219730941704
-0.578475336322870,-0.450672645739910
-0.578475336322870,-0.437219730941704
-0.578475336322870,-0.423766816143498
-0.578475336322870,-0.410313901345291
-0.578475336322870,-0.396860986547085
-0.578475336322870,-0.383408071748879
-0.578475336322870,-0.369955156950672
-0.578475336322870,-0.356502242152466
-0.578475336322870,-0.343049327354260
-0.578475336322870,-0.329596412556054
-0.578475336322870,-0.316143497757847
-0.578475336322870,-0.302690582959641
-0.578475336322870,-0.289237668161435
-0.578475336322870,-0.275784753363229
-0.578475336322870,-0.262331838565022
-0.578475336322870,-0.248878923766816
-0.578475336322870,-0.235426008968610
-0.578475336322870,-0.221973094170403
-0.578475336322870,-0.208520179372197
-0.578475336322870,-0.195067264573991
-0.578475336322870,-0.181614349775785
-0.578475336322870,-0.168161434977578
-0.578475336322870,-0.154708520179372
-0.578475336322870,-0.141255605381166
-0.578475336322870,-0.127802690582960
-0.578475336322870,-0.114349775784753
-0.578475336322870,-0.100896860986547
-0.578475336322870,-0.087443946188341
-0.578475336322870,-0.073991031390134
-0.578475336322870,-0.060538116591928
-0.578475336322870,-0.047085201793722
-0.578475336322870,-0.033632286995516
-0.578475336322870,-0.020179372197309
-0.578475336322870,-0.006726457399103
-0.578475336322870,0.006726457399103
-0.578475336322870,0.020179372197310
-0.578475336322870,0.033632286995516
-0.578475336322870,0.047085201793722
-0.578475336322870,0.060538116591928
-0.578475336322870,0.073991031390135
-0.578475336322870,0.087443946188341
-0.578475336322870,0.100896860986547
-0.578475336322870,0.114349775784753
-0.578475336322870,0.127802690582960
-0.578475336322870,0.141255605381166
-0.578475336322870,0.154708520179372
-0.578475336322870,0.168161434977579
-0.578475336322870,0.181614349775785
-0.578475336322870,0.195067264573991
-0.578475336322870,0.208520179372197
-0.578475336322870,0.221973094170404
-0.578475336322870,0.235426008968610
-0.578475336322870,0.248878923766816
-0.578475336322870,0.262331838565022
-0.578475336322870,0.275784753363229
-0.578475336322870,0.289237668161435
-0.578475336322870,0.302690582959641
-0.578475336322870,0.316143497757848
-0.578475336322870,0.329596412556054
-0.578475336322870,0.343049327354260
-0.578475336322870,0.356502242152466
-0.578475336322870,0.369955156950673
-0.578475336322870,0.383408071748879
-0.578475336322870,0.396860986547085
-0.578475336322870,0.410313901345292
-0.578475336322870,0.423766816143498
-0.578475336322870,0.437219730941704
-0.578475336322870,0.450672645739910
-0.551569506726457,-0.558295964125560
-0.551569506726457,-0.464125560538116
-0.551569506726457,-0.450672645739910
-0.551569506726457,-0.437219730941704
-0.551569506726457,-0.423766816143498
-0.551569506726457,-0.410313901345291
-0.551569506726457,-0.396860986547085
-0.551569506726457,-0.383408071748879
-0.551569506726457,-0.369955156950672
-0.551569506726457,-0.356502242152466
-0.551569506726457,-0.343049327354260
-0.551569506726457,-0.329596412556054
-0.551569506726457,-0.316143497757847
-0.551569506726457,-0.302690582959641
-0.551569506726457,-0.289237668161435
-0.551569506726457,-0.275784753363229
-0.551569506726457,-0.262331838565022
-0.551569506726457,-0.248878923766816
-0.551569506726457,-0.235426008968610
-0.551569506726457,-0.221973094170403
-0.551569506726457,-0.208520179372197
-0.551569506726457,-0.195067264573991
-0.551569506726457,-0.181614349775785
-0.551569506726457,-0.168161434977578
-0.551569506726457,-0.154708520179372
-0.551569506726457,-0.141255605381166
-0.551569506726457,-0.127802690582960
-0.551569506726457,-0.114349775784753
-0.551569506726457,-0.100896860986547
-0.551569506726457,-0.087443946188341
-0.551569506726457,-0.073991031390134
-0.551569506726457,-0.060538116591928
-0.551569506726457,-0.047085201793722
-0.551569506726457,-0.033632286995516
-0.551569506726457,-0.020179372197309
-0.551569506726457,-0.006726457399103
-0.551569506726457,0.006726457399103
-0.551569506726457,0.020179372197310
-0.551569506726457,0.033632286995516
-0.551569506726457,0.047085201793722
-0.551569506726457,0.060538116591928
-0.551569506726457,0.073991031390135
-0.551569506726457,0.087443946188341
-0.551569506726457,0.100896860986547
-0.551569506726457,0.114349775784753
-0.551569506726457,0.127802690582960
-0.551569506726457,0.141255605381166
-0.551569506726457,0.154708520179372
-0.551569506726457,0.168161434977579
-0.551569506726457,0.181614349775785
-0.551569506726457,0.195067264573991
-0.551569506726457,0.208520179372197
-0.551569506726457,0.221973094170404
-0.551569506726457,0.235426008968610
-0.551569506726457,0.248878923766816
-0.551569506726457,0.262331838565022
-0.551569506726457,0.275784753363229
-0.551569506726457,0.289237668161435
-0.551569506726457,0.302690582959641
-0.551569506726457,0.316143497757848
-0.551569506726457,0.329596412556054
-0.551569506726457,0.343049327354260
-0.551569506726457,0.356502242152466
-0.551569506726457,0.369955156950673
-0.551569506726457,0.383408071748879
-0.551569506726457,0.396860986547085
-0.551569506726457,0.410313901345292
-0.551569506726457,0.423766816143498
-0.551569506726457,0.437219730941704
-0.551569506726457,0.450672645739910
-0.551569506726457,0.464125560538117
-0.551569506726457,0.558295964125560
-0.524663677130045,-0.598654708520179
-0.524663677130045,-0.585201793721973
-0.524663677130045,-0.571748878923767
-0.524663677130045,-0.558295964125560
-0.524663677130045,-0.544843049327354
-0.524663677130045,-0.531390134529148
-0.524663677130045,-0.491031390134529
-0.524663677130045,-0.477578475336323
-0.524663677130045,-0.464125560538116
-0.524663677130045,-0.450672645739910
-0.524663677130045,-0.437219730941704
-0.524663677130045,-0.423766816143498
-0.524663677130045,-0.410313901345291
-0.524663677130045,-0.396860986547085
-0.524663677130045,-0.383408071748879
-0.524663677130045,-0.369955156950672
-0.524663677130045,-0.356502242152466
-0.524663677130045,-0.343049327354260
-0.524663677130045,-0.329596412556054
-0.524663677130045,-0.316143497757847
-0.524663677130045,-0.302690582959641
-0.524663677130045,-0.289237668161435
-0.524663677130045,-0.275784753363229
-0.524663677130045,-0.262331838565022
-0.524663677130045,-0.248878923766816
-0.524663677130045,-0.235426008968610
-0.524663677130045,-0.221973094170403
-0.524663677130045,-0.208520179372197
-0.524663677130045,-0.195067264573991
-0.524663677130045,-0.181614349775785
-0.524663677130045,-0.168161434977578
-0.524663677130045,-0.154708520179372
-0.524663677130045,-0.141255605381166
-0.524663677130045,-0.127802690582960
-0.524663677130045,-0.114349775784753
-0.524663677130045,-0.100896860986547
-0.524663677130045,-0.087443946188341
-0.524663677130045,-0.073991031390134
-0.524663677130045,-0.060538116591928
-0.524663677130045,-0.047085201793722
-0.524663677130045,-0.033632286995516
-0.524663677130045,-0.020179372197309
-0.524663677130045,-0.006726457399103
-0.524663677130045,0.006726457399103
-0.524663677130045,0.020179372197310
-0.524663677130045,0.033632286995516
-0.524663677130045,0.047085201793722
-0.524663677130045,0.060538116591928
-0.524663677130045,0.073991031390135
-0.524663677130045,0.087443946188341
-0.524663677130045,0.100896860986547
-0.524663677130045,0.114349775784753
-0.524663677130045,0.127802690582960
-0.524663677130045,0.141255605381166
-0.524663677130045,0.154708520179372
-0.524663677130045,0.168161434977579
-0.524663677130045,0.181614349775785
-0.524663677130045,0.195067264573991
-0.524663677130045,0.208520179372197
-0.524663677130045,0.221973094170404
-0.524663677130045,0.235426008968610
-0.524663677130045,0.248878923766816
-0.524663677130045,0.262331838565022
-0.524663677130045,0.275784753363229
-0.524663677130045,0.289237668161435
-0.524663677130045,0.302690582959641
-0.524663677130045,0.316143497757848
-0.524663677130045,0.329596412556054
-0.524663677130045,0.343049327354260
-0.524663677130045,0.356502242152466
-0.524663677130045,0.369955156950673
-0.524663677130045,0.383408071748879
-0.524663677130045,0.396860986547085
-0.524663677130045,0.410313901345292
-0.524663677130045,0.423766816143498
-0.524663677130045,0.437219730941704
-0.524663677130045,0.450672645739910
-0.524663677130045,0.464125560538117
-0.524663677130045,0.477578475336323
-0.524663677130045,0.491031390134529
-0.524663677130045,0.531390134529148
-0.524663677130045,0.544843049327354
-0.524663677130045,0.558295964125560
-0.524663677130045,0.571748878923767
-0.524663677130045,0.585201793721973
-0.524663677130045,0.598654708520180
-0.497757847533632,-0.598654708520179
-0.497757847533632,-0.585201793721973
-0.497757847533632,-0.571748878923767
-0.497757847533632,-0.558295964125560
-0.497757847533632,-0.544843049327354
-0.497757847533632,-0.531390134529148
-0.497757847533632,-0.517937219730942
-0.497757847533632,-0.504484304932735
-0.497757847533632,-0.491031390134529
-0.497757847533632,-0.477578475336323
-0.497757847533632,-0.464125560538116
-0.497757847533632,-0.450672645739910
-0.497757847533632,-0.437219730941704
-0.497757847533632,-0.423766816143498
-0.497757847533632,-0.410313901345291
-0.497757847533632,-0.396860986547085
-0.497757847533632,-0.383408071748879
-0.497757847533632,-0.369955156950672
-0.497757847533632,-0.356502242152466
-0.497757847533632,-0.343049327354260
-0.497757847533632,-0.329596412556054
-0.497757847533632,-0.316143497757847
-0.497757847533632,-0.302690582959641
-0.497757847533632,-0.289237668161435
-0.497757847533632,-0.275784753363229
-0.497757847533632,-0.262331838565022
-0.497757847533632,-0.248878923766816
-0.497757847533632,-0.235426008968610
-0.497757847533632,-0.221973094170403
-0.497757847533632,-0.208520179372197
-0.497757847533632,-0.195067264573991
-0.497757847533632,-0.181614349775785
-0.497757847533632,-0.168161434977578
-0.497757847533632,-0.154708520179372
-0.497757847533632,-0.141255605381166
-0.497757847533632,-0.127802690582960
-0.497757847533632,-0.114349775784753
-0.497757847533632,-0.100896860986547
-0.497757847533632,-0.087443946188341
-0.497757847533632,-0.073991031390134
-0.497757847533632,-0.060538116591928
-0.497757847533632,-0.047085201793722
-0.497757847533632,-0.033632286995516
-0.497757847533632,-0.020179372197309
-0.497757847533632,-0.006726457399103
-0.497757847533632,0.006726457399103
-0.497757847533632,0.020179372197310
-0.497757847533632,0.033632286995516
-0.497757847533632,0.047085201793722
-0.497757847533632,0.060538116591928
-0.497757847533632,0.073991031390135
-0.497757847533632,0.087443946188341
-0.497757847533632,0.100896860986547
-0.497757847533632,0.114349775784753
-0.497757847533632,0.127802690582960
-0.497757847533632,0.141255605381166
-0.497757847533632,0.154708520179372
-0.497757847533632,0.168161434977579
-0.497757847533632,0.181614349775785
-0.497757847533632,0.195067264573991
-0.497757847533632,0.208520179372197
-0.497757847533632,0.221973094170404
-0.497757847533632,0.235426008968610
-0.497757847533632,0.248878923766816
-0.497757847533632,0.262331838565022
-0.497757847533632,0.275784753363229
-0.497757847533632,0.289237668161435
-0.497757847533632,0.302690582959641
-0.497757847533632,0.316143497757848
-0.497757847533632,0.329596412556054
-0.497757847533632,0.343049327354260
-0.497757847533632,0.356502242152466
-0.497757847533632,0.369955156950673
-0.497757847533632,0.383408071748879
-0.497757847533632,0.396860986547085
-0.497757847533632,0.410313901345292
-0.497757847533632,0.423766816143498
-0.497757847533632,0.437219730941704
-0.497757847533632,0.450672645739910
-0.497757847533632,0.464125560538117
-0.497757847533632,0.477578475336323
-0.497757847533632,0.491031390134529
-0.497757847533632,0.504484304932736
-0.497757847533632,0.517937219730942
-0.497757847533632,0.531390134529148
-0.497757847533632,0.544843049327354
-0.497757847533632,0.558295964125560
-0.497757847533632,0.571748878923767
-0.497757847533632,0.585201793721973
-0.497757847533632,0.598654708520180
-0.470852017937220,-0.585201793721973
-0.470852017937220,-0.571748878923767
-0.470852017937220,-0.558295964125560
-0.470852017937220,-0.544843049327354
-0.470852017937220,-0.531390134529148
-0.470852017937220,-0.517937219730942
-0.470852017937220,-0.504484304932735
-0.470852017937220,-0.491031390134529
-0.470852017937220,-0.477578475336323
-0.470852017937220,-0.464125560538116
-0.470852017937220,-0.450672645739910
-0.470852017937220,-0.437219730941704
-0.470852017937220,-0.423766816143498
-0.470852017937220,-0.410313901345291
-0.470852017937220,-0.396860986547085
-0.470852017937220,-0.383408071748879
-0.470852017937220,-0.369955156950672
-0.470852017937220,-0.356502242152466
-0.470852017937220,-0.343049327354260
-0.470852017937220,-0.329596412556054
-0.470852017937220,-0.316143497757847
-0.470852017937220,-0.302690582959641
-0.470852017937220,-0.289237668161435
-0.470852017937220,-0.275784753363229
-0.470852017937220,-0.262331838565022
-0.470852017937220,-0.248878923766816
-0.470852017937220,-0.235426008968610
-0.470852017937220,-0.221973094170403
-0.470852017937220,-0.208520179372197
-0.470852017937220,-0.195067264573991
-0.470852017937220,-0.181614349775785
-0.470852017937220,-0.168161434977578
-0.470852017937220,-0.154708520179372
-0.470852017937220,-0.141255605381166
-0.470852017937220,-0.127802690582960
-0.470852017937220,-0.114349775784753
-0.470852017937220,-0.100896860986547
-0.470852017937220,-0.087443946188341
-0.470852017937220,-0.073991031390134
-0.470852017937220,-0.060538116591928
-0.470852017937220,-0.047085201793722
-0.470852017937220,-0.033632286995516
-0.470852017937220,-0.020179372197309
-0.470852017937220,-0.006726457399103
-0.470852017937220,0.006726457399103
-0.470852017937220,0.020179372197310
-0.470852017937220,0.033632286995516
-0.470852017937220,0.047085201793722
-0.470852017937220,0.060538116591928
-0.470852017937220,0.073991031390135
-0.470852017937220,0.087443946188341
-0.470852017937220,0.100896860986547
-0.470852017937220,0.114349775784753
-0.470852017937220,0.127802690582960
-0.470852017937220,0.141255605381166
-0.470852017937220,0.154708520179372
-0.470852017937220,0.168161434977579
-0.470852017937220,0.181614349775785
-0.470852017937220,0.195067264573991
-0.470852017937220,0.208520179372197
-0.470852017937220,0.221973094170404
-0.470852017937220,0.235426008968610
-0.470852017937220,0.248878923766816
-0.470852017937220,0.262331838565022
-0.470852017937220,0.275784753363229
-0.470852017937220,0.289237668161435
-0.470852017937220,0.302690582959641
-0.470852017937220,0.316143497757848
-0.470852017937220,0.329596412556054
-0.470852017937220,0.343049327354260
-0.470852017937220,0.356502242152466
-0.470852017937220,0.369955156950673
-0.470852017937220,0.383408071748879
-0.470852017937220,0.396860986547085
-0.470852017937220,0.410313901345292
-0.470852017937220,0.423766816143498
-0.470852017937220,0.437219730941704
-0.470852017937220,0.450672645739910
-0.470852017937220,0.464125560538117
-0.470852017937220,0.477578475336323
-0.470852017937220,0.491031390134529
-0.470852017937220,0.504484304932736
-0.470852017937220,0.517937219730942
-0.470852017937220,0.531390134529148
-0.470852017937220,0.544843049327354
-0.470852017937220,0.558295964125560
-0.470852017937220,0.571748878923767
-0.470852017937220,0.585201793721973
-0.443946188340807,-0.558295964125560
-0.443946188340807,-0.544843049327354
-0.443946188340807,-0.531390134529148
-0.443946188340807,-0.517937219730942
-0.443946188340807,-0.504484304932735
-0.443946188340807,-0.491031390134529
-0.443946188340807,-0.477578475336323
-0.443946188340807,-0.464125560538116
-0.443946188340807,-0.450672645739910
-0.443946188340807,-0.437219730941704
-0.443946188340807,-0.423766816143498
-0.443946188340807,-0.410313901345291
-0.443946188340807,-0.396860986547085
-0.443946188340807,-0.383408071748879
-0.443946188340807,-0.369955156950672
-0.443946188340807,-0.356502242152466
-0.443946188340807,-0.343049327354260
-0.443946188340807,-0.329596412556054
-0.443946188340807,-0.316143497757847
-0.443946188340807,-0.302690582959641
-0.443946188340807,-0.289237668161435
-0.443946188340807,-0.275784753363229
-0.443946188340807,-0.262331838565022
-0.443946188340807,-0.248878923766816
-0.443946188340807,-0.235426008968610
-0.443946188340807,-0.221973094170403
-0.443946188340807,-0.208520179372197
-0.443946188340807,-0.195067264573991
-0.443946188340807,-0.181614349775785
-0.443946188340807,-0.168161434977578
-0.443946188340807,-0.154708520179372
-0.443946188340807,-0.141255605381166
-0.443946188340807,-0.127802690582960
-0.443946188340807,-0.114349775784753
-0.443946188340807,-0.100896860986547
-0.443946188340807,-0.087443946188341
-0.443946188340807,-0.073991031390134
-0.443946188340807,-0.060538116591928
-0.443946188340807,-0.047085201793722
-0.443946188340807,-0.033632286995516
-0.443946188340807,-0.020179372197309
-0.443946188340807,-0.006726457399103
-0.443946188340807,0.006726457399103
-0.443946188340807,0.020179372197310
-0.443946188340807,0.033632286995516
-0.443946188340807,0.047085201793722
-0.443946188340807,0.060538116591928
-0.443946188340807,0.073991031390135
-0.443946188340807,0.087443946188341
-0.443946188340807,0.100896860986547
-0.443946188340807,0.114349775784753
-0.443946188340807,0.127802690582960
-0.443946188340807,0.141255605381166
-0.443946188340807,0.154708520179372
-0.443946188340807,0.168161434977579
-0.443946188340807,0.181614349775785
-0.443946188340807,0.195067264573991
-0.443946188340807,0.208520179372197
-0.443946188340807,0.221973094170404
-0.443946188340807,0.235426008968610
-0.443946188340807,0.248878923766816
-0.443946188340807,0.262331838565022
-0.443946188340807,0.275784753363229
-0.443946188340807,0.289237668161435
-0.443946188340807,0.302690582959641
-0.443946188340807,0.316143497757848
-0.443946188340807,0.329596412556054
-0.443946188340807,0.343049327354260
-0.443946188340807,0.356502242152466
-0.443946188340807,0.369955156950673
-0.443946188340807,0.383408071748879
-0.443946188340807,0.396860986547085
-0.443946188340807,0.410313901345292
-0.443946188340807,0.423766816143498
-0.443946188340807,0.437219730941704
-0.443946188340807,0.450672645739910
-0.443946188340807,0.464125560538117
-0.443946188340807,0.477578475336323
-0.443946188340807,0.491031390134529
-0.443946188340807,0.504484304932736
-0.443946188340807,0.517937219730942
-0.443946188340807,0.531390134529148
-0.443946188340807,0.544843049327354
-0.443946188340807,0.558295964125560
-0.417040358744394,-0.571748878923767
-0.417040358744394,-0.558295964125560
-0.417040358744394,-0.544843049327354
-0.417040358744394,-0.531390134529148
-0.417040358744394,-0.517937219730942
-0.417040358744394,-0.504484304932735
-0.417040358744394,-0.491031390134529
-0.417040358744394,-0.477578475336323
-0.417040358744394,-0.464125560538116
-0.417040358744394,-0.450672645739910
-0.417040358744394,-0.437219730941704
-0.417040358744394,-0.423766816143498
-0.417040358744394,-0.410313901345291
-0.417040358744394,-0.396860986547085
-0.417040358744394,-0.383408071748879
-0.417040358744394,-0.369955156950672
-0.417040358744394,-0.356502242152466
-0.417040358744394,-0.343049327354260
-0.417040358744394,-0.329596412556054
-0.417040358744394,-0.316143497757847
-0.417040358744394,-0.302690582959641
-0.417040358744394,-0.289237668161435
-0.417040358744394,-0.275784753363229
-0.417040358744394,-0.262331838565022
-0.417040358744394,-0.248878923766816
-0.417040358744394,-0.235426008968610
-0.417040358744394,-0.221973094170403
-0.417040358744394,-0.208520179372197
-0.417040358744394,-0.195067264573991
-0.417040358744394,-0.181614349775785
-0.417040358744394,-0.168161434977578
-0.417040358744394,-0.154708520179372
-0.417040358744394,-0.141255605381166
-0.417040358744394,-0.127802690582960
-0.417040358744394,-0.114349775784753
-0.417040358744394,-0.100896860986547
-0.417040358744394,-0.087443946188341
-0.417040358744394,-0.073991031390134
-0.417040358744394,-0.060538116591928
-0.417040358744394,-0.047085201793722
-0.417040358744394,-0.033632286995516
-0.417040358744394,-0.020179372197309
-0.417040358744394,-0.006726457399103
-0.417040358744394,0.006726457399103
-0.417040358744394,0.020179372197310
-0.417040358744394,0.033632286995516
-0.417040358744394,0.047085201793722
-0.417040358744394,0.060538116591928
-0.417040358744394,0.073991031390135
-0.417040358744394,0.087443946188341
-0.417040358744394,0.100896860986547
-0.417040358744394,0.114349775784753
-0.417040358744394,0.127802690582960
-0.417040358744394,0.141255605381166
-0.417040358744394,0.154708520179372
-0.417040358744394,0.168161434977579
-0.417040358744394,0.181614349775785
-0.417040358744394,0.195067264573991
-0.417040358744394,0.208520179372197
-0.417040358744394,0.221973094170404
-0.417040358744394,0.235426008968610
-0.417040358744394,0.248878923766816
-0.417040358744394,0.262331838565022
-0.417040358744394,0.275784753363229
-0.417040358744394,0.289237668161435
-0.417040358744394,0.302690582959641
-0.417040358744394,0.316143497757848
-0.417040358744394,0.329596412556054
-0.417040358744394,0.343049327354260
-0.417040358744394,0.356502242152466
-0.417040358744394,0.369955156950673
-0.417040358744394,0.383408071748879
-0.417040358744394,0.396860986547085
-0.417040358744394,0.410313901345292
-0.417040358744394,0.423766816143498
-0.417040358744394,0.437219730941704
-0.417040358744394,0.450672645739910
-0.417040358744394,0.464125560538117
-0.417040358744394,0.477578475336323
-0.417040358744394,0.491031390134529
-0.417040358744394,0.504484304932736
-0.417040358744394,0.517937219730942
-0.417040358744394,0.531390134529148
-0.417040358744394,0.544843049327354
-0.417040358744394,0.558295964125560
-0.417040358744394,0.571748878923767
-0.390134529147982,-0.585201793721973
-0.390134529147982,-0.571748878923767
-0.390134529147982,-0.558295964125560
-0.390134529147982,-0.544843049327354
-0.390134529147982,-0.531390134529148
-0.390134529147982,-0.517937219730942
-0.390134529147982,-0.504484304932735
-0.390134529147982,-0.491031390134529
-0.390134529147982,-0.477578475336323
-0.390134529147982,-0.464125560538116
-0.390134529147982,-0.450672645739910
-0.390134529147982,-0.437219730941704
-0.390134529147982,-0.423766816143498
-0.390134529147982,-0.410313901345291
-0.390134529147982,-0.396860986547085
-0.390134529147982,-0.383408071748879
-0.390134529147982,-0.369955156950672
-0.390134529147982,-0.356502242152466
-0.390134529147982,-0.343049327354260
-0.390134529147982,-0.329596412556054
-0.390134529147982,-0.316143497757847
-0.390134529147982,-0.302690582959641
-0.390134529147982,-0.289237668161435
-0.390134529147982,-0.275784753363229
-0.390134529147982,-0.262331838565022
-0.390134529147982,-0.248878923766816
-0.390134529147982,-0.235426008968610
-0.390134529147982,-0.221973094170403
-0.390134529147982,-0.208520179372197
-0.390134529147982,-0.195067264573991
-0.390134529147982,-0.181614349775785
-0.390134529147982,-0.168161434977578
-0.390134529147982,-0.154708520179372
-0.390134529147982,-0.141255605381166
-0.390134529147982,-0.127802690582960
-0.390134529147982,-0.114349775784753
-0.390134529147982,-0.100896860986547
-0.390134529147982,-0.087443946188341
-0.390134529147982,-0.073991031390134
-0.390134529147982,-0.060538116591928
-0.390134529147982,-0.047085201793722
-0.390134529147982,-0.033632286995516
-0.390134529147982,-0.020179372197309
-0.390134529147982,-0.006726457399103
-0.390134529147982,0.006726457399103
-0.390134529147982,0.020179372197310
-0.390134529147982,0.033632286995516
-0.390134529147982,0.047085201793722
-0.390134529147982,0.060538116591928
-0.390134529147982,0.073991031390135
-0.390134529147982,0.087443946188341
-0.390134529147982,0.100896860986547
-0.390134529147982,0.114349775784753
-0.390134529147982,0.127802690582960
-0.390134529147982,0.141255605381166
-0.390134529147982,0.154708520179372
-0.390134529147982,0.168161434977579
-0.390134529147982,0.181614349775785
-0.390134529147982,0.195067264573991
-0.390134529147982,0.208520179372197
-0.390134529147982,0.221973094170404
-0.390134529147982,0.235426008968610
-0.390134529147982,0.248878923766816
-0.390134529147982,0.262331838565022
-0.390134529147982,0.275784753363229
-0.390134529147982,0.289237668161435
-0.390134529147982,0.302690582959641
-0.390134529147982,0.316143497757848
-0.390134529147982,0.329596412556054
-0.390134529147982,0.343049327354260
-0.390134529147982,0.356502242152466
-0.390134529147982,0.369955156950673
-0.390134529147982,0.383408071748879
-0.390134529147982,0.396860986547085
-0.390134529147982,0.410313901345292
-0.390134529147982,0.423766816143498
-0.390134529147982,0.437219730941704
-0.390134529147982,0.450672645739910
-0.390134529147982,0.464125560538117
-0.390134529147982,0.477578475336323
-0.390134529147982,0.491031390134529
-0.390134529147982,0.504484304932736
-0.390134529147982,0.517937219730942
-0.390134529147982,0.531390134529148
-0.390134529147982,0.544843049327354
-0.390134529147982,0.558295964125560
-0.390134529147982,0.571748878923767
-0.390134529147982,0.585201793721973
-0.363228699551569,-0.639013452914798
-0.363228699551569,-0.625560538116592
-0.363228699551569,-0.612107623318386
-0.363228699551569,-0.598654708520179
-0.363228699551569,-0.585201793721973
-0.363228699551569,-0.571748878923767
-0.363228699551569,-0.558295964125560
-0.363228699551569,-0.544843049327354
-0.363228699551569,-0.531390134529148
-0.363228699551569,-0.517937219730942
-0.363228699551569,-0.504484304932735
-0.363228699551569,-0.491031390134529
-0.363228699551569,-0.477578475336323
-0.363228699551569,-0.464125560538116
-0.363228699551569,-0.450672645739910
-0.363228699551569,-0.437219730941704
-0.363228699551569,-0.423766816143498
-0.363228699551569,-0.410313901345291
-0.363228699551569,-0.396860986547085
-0.363228699551569,-0.383408071748879
-0.363228699551569,-0.369955156950672
-0.363228699551569,-0.356502242152466
-0.363228699551569,-0.343049327354260
-0.363228699551569,-0.329596412556054
-0.363228699551569,-0.316143497757847
-0.363228699551569,-0.302690582959641
-0.363228699551569,-0.289237668161435
-0.363228699551569,-0.275784753363229
-0.363228699551569,-0.262331838565022
-0.363228699551569,-0.248878923766816
-0.363228699551569,-0.235426008968610
-0.363228699551569,-0.221973094170403
-0.363228699551569,-0.208520179372197
-0.363228699551569,-0.195067264573991
-0.363228699551569,-0.181614349775785
-0.363228699551569,-0.168161434977578
-0.363228699551569,-0.154708520179372
-0.363228699551569,-0.141255605381166
-0.363228699551569,-0.127802690582960
-0.363228699551569,-0.114349775784753
-0.363228699551569,-0.100896860986547
-0.363228699551569,-0.087443946188341
-0.363228699551569,-0.073991031390134
-0.363228699551569,-0.060538116591928
-0.363228699551569,-0.047085201793722
-0.363228699551569,-0.033632286995516
-0.363228699551569,-0.020179372197309
-0.363228699551569,-0.006726457399103
-0.363228699551569,0.006726457399103
-0.363228699551569,0.020179372197310
-0.363228699551569,0.033632286995516
-0.363228699551569,0.047085201793722
-0.363228699551569,0.060538116591928
-0.363228699551569,0.073991031390135
-0.363228699551569,0.087443946188341
-0.363228699551569,0.100896860986547
-0.363228699551569,0.114349775784753
-0.363228699551569,0.127802690582960
-0.363228699551569,0.141255605381166
-0.363228699551569,0.154708520179372
-0.363228699551569,0.168161434977579
-0.363228699551569,0.181614349775785
-0.363228699551569,0.195067264573991
-0.363228699551569,0.208520179372197
-0.363228699551569,0.221973094170404
-0.363228699551569,0.235426008968610
-0.363228699551569,0.248878923766816
-0.363228699551569,0.262331838565022
-0.363228699551569,0.275784753363229
-0.363228699551569,0.289237668161435
-0.363228699551569,0.302690582959641
-0.363228699551569,0.316143497757848
-0.363228699551569,0.329596412556054
-0.363228699551569,0.343049327354260
-0.363228699551569,0.356502242152466
-0.363228699551569,0.369955156950673
-0.363228699551569,0.383408071748879
-0.363228699551569,0.396860986547085
-0.363228699551569,0.410313901345292
-0.363228699551569,0.423766816143498
-0.363228699551569,0.437219730941704
-0.363228699551569,0.450672645739910
-0.363228699551569,0.464125560538117
-0.363228699551569,0.477578475336323
-0.363228699551569,0.491031390134529
-0.363228699551569,0.504484304932736
-0.363228699551569,0.517937219730942
-0.363228699551569,0.531390134529148
-0.363228699551569,0.544843049327354
-0.363228699551569,0.558295964125560
-0.363228699551569,0.571748878923767
-0.363228699551569,0.585201793721973
-0.363228699551569,0.598654708520180
-0.363228699551569,0.612107623318386
-0.363228699551569,0.625560538116592
-0.363228699551569,0.639013452914798
-0.336322869955157,-0.612107623318386
-0.336322869955157,-0.598654708520179
-0.336322869955157,-0.585201793721973
-0.336322869955157,-0.571748878923767
-0.336322869955157,-0.558295964125560
-0.336322869955157,-0.544843049327354
-0.336322869955157,-0.531390134529148
-0.336322869955157,-0.517937219730942
-0.336322869955157,-0.504484304932735
-0.336322869955157,-0.491031390134529
-0.336322869955157,-0.477578475336323
-0.336322869955157,-0.464125560538116
-0.336322869955157,-0.450672645739910
-0.336322869955157,-0.437219730941704
-0.336322869955157,-0.423766816143498
-0.336322869955157,-0.410313901345291
-0.336322869955157,-0.396860986547085
-0.336322869955157,-0.383408071748879
-0.336322869955157,-0.369955156950672
-0.336322869955157,-0.356502242152466
-0.336322869955157,-0.343049327354260
-0.336322869955157,-0.329596412556054
-0.336322869955157,-0.316143497757847
-0.336322869955157,-0.302690582959641
-0.336322869955157,-0.289237668161435
-0.336322869955157,-0.275784753363229
-0.336322869955157,-0.262331838565022
-0.336322869955157,-0.248878923766816
-0.336322869955157,-0.235426008968610
-0.336322869955157,-0.221973094170403
-0.336322869955157,-0.208520179372197
-0.336322869955157,-0.195067264573991
-0.336322869955157,-0.181614349775785
-0.336322869955157,-0.168161434977578
-0.336322869955157,-0.154708520179372
-0.336322869955157,-0.141255605381166
-0.336322869955157,-0.127802690582960
-0.336322869955157,-0.114349775784753
-0.336322869955157,-0.100896860986547
-0.336322869955157,-0.087443946188341
-0.336322869955157,-0.073991031390134
-0.336322869955157,-0.060538116591928
-0.336322869955157,-0.047085201793722
-0.336322869955157,-0.033632286995516
-0.336322869955157,-0.020179372197309
-0.336322869955157,-0.006726457399103
-0.336322869955157,0.006726457399103
-0.336322869955157,0.020179372197310
-0.336322869955157,0.033632286995516
-0.336322869955157,0.047085201793722
-0.336322869955157,0.060538116591928
-0.336322869955157,0.073991031390135
-0.336322869955157,0.087443946188341
-0.336322869955157,0.100896860986547
-0.336322869955157,0.114349775784753
-0.336322869955157,0.127802690582960
-0.336322869955157,0.141255605381166
-0.336322869955157,0.154708520179372
-0.336322869955157,0.168161434977579
-0.336322869955157,0.181614349775785
-0.336322869955157,0.195067264573991
-0.336322869955157,0.208520179372197
-0.336322869955157,0.221973094170404
-0.336322869955157,0.235426008968610
-0.336322869955157,0.248878923766816
-0.336322869955157,0.262331838565022
-0.336322869955157,0.275784753363229
-0.336322869955157,0.289237668161435
-0.336322869955157,0.302690582959641
-0.336322869955157,0.316143497757848
-0.336322869955157,0.329596412556054
-0.336322869955157,0.343049327354260
-0.336322869955157,0.356502242152466
-0.336322869955157,0.369955156950673
-0.336322869955157,0.383408071748879
-0.336322869955157,0.396860986547085
-0.336322869955157,0.410313901345292
-0.336322869955157,0.423766816143498
-0.336322869955157,0.437219730941704
-0.336322869955157,0.450672645739910
-0.336322869955157,0.464125560538117
-0.336322869955157,0.477578475336323
-0.336322869955157,0.491031390134529
-0.336322869955157,0.504484304932736
-0.336322869955157,0.517937219730942
-0.336322869955157,0.531390134529148
-0.336322869955157,0.544843049327354
-0.336322869955157,0.558295964125560
-0.336322869955157,0.571748878923767
-0.336322869955157,0.585201793721973
-0.336322869955157,0.598654708520180
-0.336322869955157,0.612107623318386
-0.309417040358744,-0.625560538116592
-0.309417040358744,-0.612107623318386
-0.309417040358744,-0.598654708520179
-0.309417040358744,-0.585201793721973
-0.309417040358744,-0.571748878923767
-0.309417040358744,-0.558295964125560
-0.309417040358744,-0.544843049327354
-0.309417040358744,-0.531390134529148
-0.309417040358744,-0.517937219730942
-0.309417040358744,-0.504484304932735
-0.309417040358744,-0.491031390134529
-0.309417040358744,-0.477578475336323
-0.309417040358744,-0.464125560538116
-0.309417040358744,-0.450672645739910
-0.309417040358744,-0.437219730941704
-0.309417040358744,-0.423766816143498
-0.309417040358744,-0.410313901345291
-0.309417040358744,-0.396860986547085
-0.309417040358744,-0.383408071748879
-0.309417040358744,-0.369955156950672
-0.309417040358744,-0.356502242152466
-0.309417040358744,-0.343049327354260
-0.309417040358744,-0.329596412556054
-0.309417040358744,-0.316143497757847
-0.309417040358744,-0.302690582959641
-0.309417040358744,-0.289237668161435
-0.309417040358744,-0.275784753363229
-0.309417040358744,-0.262331838565022
-0.309417040358744,-0.248878923766816
-0.309417040358744,-0.235426008968610
-0.309417040358744,-0.221973094170403
-0.309417040358744,-0.208520179372197
-0.309417040358744,-0.195067264573991
-0.309417040358744,-0.181614349775785
-0.309417040358744,-0.168161434977578
-0.309417040358744,-0.154708520179372
-0.309417040358744,-0.141255605381166
-0.309417040358744,-0.127802690582960
-0.309417040358744,-0.114349775784753
-0.309417040358744,-0.100896860986547
-0.309417040358744,-0.087443946188341
-0.309417040358744,-0.073991031390134
-0.309417040358744,-0.060538116591928
-0.309417040358744,-0.047085201793722
-0.309417040358744,-0.033632286995516
-0.309417040358744,-0.020179372197309
-0.309417040358744,-0.006726457399103
-0.309417040358744,0.006726457399103
-0.309417040358744,0.020179372197310
-0.309417040358744,0.033632286995516
-0.309417040358744,0.047085201793722
-0.309417040358744,0.060538116591928
-0.309417040358744,0.073991031390135
-0.309417040358744,0.087443946188341
-0.309417040358744,0.100896860986547
-0.309417040358744,0.114349775784753
-0.309417040358744,0.127802690582960
-0.309417040358744,0.141255605381166
-0.309417040358744,0.154708520179372
-0.309417040358744,0.168161434977579
-0.309417040358744,0.181614349775785
-0.309417040358744,0.195067264573991
-0.309417040358744,0.208520179372197
-0.309417040358744,0.221973094170404
-0.309417040358744,0.235426008968610
-0.309417040358744,0.248878923766816
-0.309417040358744,0.262331838565022
-0.309417040358744,0.275784753363229
-0.309417040358744,0.289237668161435
-0.309417040358744,0.302690582959641
-0.309417040358744,0.316143497757848
-0.309417040358744,0.329596412556054
-0.309417040358744,0.343049327354260
-0.309417040358744,0.356502242152466
-0.309417040358744,0.369955156950673
-0.309417040358744,0.383408071748879
-0.309417040358744,0.396860986547085
-0.309417040358744,0.410313901345292
-0.309417040358744,0.423766816143498
-0.309417040358744,0.437219730941704
-0.309417040358744,0.450672645739910
-0.309417040358744,0.464125560538117
-0.309417040358744,0.477578475336323
-0.309417040358744,0.491031390134529
-0.309417040358744,0.504484304932736
-0.309417040358744,0.517937219730942
-0.309417040358744,0.531390134529148
-0.309417040358744,0.544843049327354
-0.309417040358744,0.558295964125560
-0.309417040358744,0.571748878923767
-0.309417040358744,0.585201793721973
-0.309417040358744,0.598654708520180
-0.309417040358744,0.612107623318386
-0.309417040358744,0.625560538116592
-0.282511210762332,-0.625560538116592
-0.282511210762332,-0.612107623318386
-0.282511210762332,-0.598654708520179
-0.282511210762332,-0.585201793721973
-0.282511210762332,-0.571748878923767
-0.282511210762332,-0.558295964125560
-0.282511210762332,-0.544843049327354
-0.282511210762332,-0.531390134529148
-0.282511210762332,-0.517937219730942
-0.282511210762332,-0.504484304932735
-0.282511210762332,-0.491031390134529
-0.282511210762332,-0.477578475336323
-0.282511210762332,-0.464125560538116
-0.282511210762332,-0.450672645739910
-0.282511210762332,-0.437219730941704
-0.282511210762332,-0.423766816143498
-0.282511210762332,-0.410313901345291
-0.282511210762332,-0.396860986547085
-0.282511210762332,-0.383408071748879
-0.282511210762332,-0.369955156950672
-0.282511210762332,-0.356502242152466
-0.282511210762332,-0.343049327354260
-0.282511210762332,-0.329596412556054
-0.282511210762332,-0.316143497757847
-0.282511210762332,-0.302690582959641
-0.282511210762332,-0.289237668161435
-0.282511210762332,-0.275784753363229
-0.282511210762332,-0.262331838565022
-0.282511210762332,-0.248878923766816
-0.282511210762332,-0.235426008968610
-0.282511210762332,-0.221973094170403
-0.282511210762332,-0.208520179372197
-0.282511210762332,-0.195067264573991
-0.282511210762332,-0.181614349775785
-0.282511210762332,-0.168161434977578
-0.282511210762332,-0.154708520179372
-0.282511210762332,-0.141255605381166
-0.282511210762332,-0.127802690582960
-0.282511210762332,-0.114349775784753
-0.282511210762332,-0.100896860986547
-0.282511210762332,-0.087443946188341
-0.282511210762332,-0.073991031390134
-0.282511210762332,-0.060538116591928
-0.282511210762332,-0.047085201793722
-0.282511210762332,-0.033632286995516
-0.282511210762332,-0.020179372197309
-0.282511210762332,-0.006726457399103
-0.282511210762332,0.006726457399103
-0.282511210762332,0.020179372197310
-0.282511210762332,0.033632286995516
-0.282511210762332,0.047085201793722
-0.282511210762332,0.060538116591928
-0.282511210762332,0.073991031390135
-0.282511210762332,0.087443946188341
-0.282511210762332,0.100896860986547
-0.282511210762332,0.114349775784753
-0.282511210762332,0.127802690582960
-0.282511210762332,0.141255605381166
-0.282511210762332,0.154708520179372
-0.282511210762332,0.168161434977579
-0.282511210762332,0.181614349775785
-0.282511210762332,0.195067264573991
-0.282511210762332,0.208520179372197
-0.282511210762332,0.221973094170404
-0.282511210762332,0.235426008968610
-0.282511210762332,0.248878923766816
-0.282511210762332,0.262331838565022
-0.282511210762332,0.275784753363229
-0.282511210762332,0.289237668161435
-0.282511210762332,0.302690582959641
-0.282511210762332,0.316143497757848
-0.282511210762332,0.329596412556054
-0.282511210762332,0.343049327354260
-0.282511210762332,0.356502242152466
-0.282511210762332,0.369955156950673
-0.282511210762332,0.383408071748879
-0.282511210762332,0.396860986547085
-0.282511210762332,0.410313901345292
-0.282511210762332,0.423766816143498
-0.282511210762332,0.437219730941704
-0.282511210762332,0.450672645739910
-0.282511210762332,0.464125560538117
-0.282511210762332,0.477578475336323
-0.282511210762332,0.491031390134529
-0.282511210762332,0.504484304932736
-0.282511210762332,0.517937219730942
-0.282511210762332,0.531390134529148
-0.282511210762332,0.544843049327354
-0.282511210762332,0.558295964125560
-0.282511210762332,0.571748878923767
-0.282511210762332,0.585201793721973
-0.282511210762332,0.598654708520180
-0.282511210762332,0.612107623318386
-0.282511210762332,0.625560538116592
-0.255605381165919,-0.639013452914798
-0.255605381165919,-0.625560538116592
-0.255605381165919,-0.612107623318386
-0.255605381165919,-0.598654708520179
-0.255605381165919,-0.585201793721973
-0.255605381165919,-0.571748878923767
-0.255605381165919,-0.558295964125560
-0.255605381165919,-0.544843049327354
-0.255605381165919,-0.531390134529148
-0.255605381165919,-0.517937219730942
-0.255605381165919,-0.504484304932735
-0.255605381165919,-0.491031390134529
-0.255605381165919,-0.477578475336323
-0.255605381165919,-0.464125560538116
-0.255605381165919,-0.450672645739910
-0.255605381165919,-0.437219730941704
-0.255605381165919,-0.423766816143498
-0.255605381165919,-0.410313901345291
-0.255605381165919,-0.396860986547085
-0.255605381165919,-0.383408071748879
-0.255605381165919,-0.369955156950672
-0.255605381165919,-0.356502242152466
-0.255605381165919,-0.343049327354260
-0.255605381165919,-0.329596412556054
-0.255605381165919,-0.316143497757847
-0.255605381165919,-0.302690582959641
-0.255605381165919,-0.289237668161435
-0.255605381165919,-0.275784753363229
-0.255605381165919,-0.262331838565022
-0.255605381165919,-0.248878923766816
-0.255605381165919,-0.235426008968610
-0.255605381165919,-0.221973094170403
-0.255605381165919,-0.208520179372197
-0.255605381165919,-0.195067264573991
-0.255605381165919,-0.181614349775785
-0.255605381165919,-0.168161434977578
-0.255605381165919,-0.154708520179372
-0.255605381165919,-0.141255605381166
-0.255605381165919,-0.127802690582960
-0.255605381165919,-0.114349775784753
-0.255605381165919,-0.100896860986547
-0.255605381165919,-0.087443946188341
-0.255605381165919,-0.073991031390134
-0.255605381165919,-0.060538116591928
-0.255605381165919,-0.047085201793722
-0.255605381165919,-0.033632286995516
-0.255605381165919,-0.020179372197309
-0.255605381165919,-0.006726457399103
-0.255605381165919,0.006726457399103
-0.255605381165919,0.020179372197310
-0.255605381165919,0.033632286995516
-0.255605381165919,0.047085201793722
-0.255605381165919,0.060538116591928
-0.255605381165919,0.073991031390135
-0.255605381165919,0.087443946188341
-0.255605381165919,0.100896860986547
-0.255605381165919,0.114349775784753
-0.255605381165919,0.127802690582960
-0.255605381165919,0.141255605381166
-0.255605381165919,0.154708520179372
-0.255605381165919,0.168161434977579
-0.255605381165919,0.181614349775785
-0.255605381165919,0.195067264573991
-0.255605381165919,0.208520179372197
-0.255605381165919,0.221973094170404
-0.255605381165919,0.235426008968610
-0.255605381165919,0.248878923766816
-0.255605381165919,0.262331838565022
-0.255605381165919,0.275784753363229
-0.255605381165919,0.289237668161435
-0.255605381165919,0.302690582959641
-0.255605381165919,0.316143497757848
-0.255605381165919,0.329596412556054
-0.255605381165919,0.343049327354260
-0.255605381165919,0.356502242152466
-0.255605381165919,0.369955156950673
-0.255605381165919,0.383408071748879
-0.255605381165919,0.396860986547085
-0.255605381165919,0.410313901345292
-0.255605381165919,0.423766816143498
-0.255605381165919,0.437219730941704
-0.255605381165919,0.450672645739910
-0.255605381165919,0.464125560538117
-0.255605381165919,0.477578475336323
-0.255605381165919,0.491031390134529
-0.255605381165919,0.504484304932736
-0.255605381165919,0.517937219730942
-0.255605381165919,0.531390134529148
-0.255605381165919,0.544843049327354
-0.255605381165919,0.558295964125560
-0.255605381165919,0.571748878923767
-0.255605381165919,0.585201793721973
-0.255605381165919,0.598654708520180
-0.255605381165919,0.612107623318386
-0.255605381165919,0.625560538116592
-0.255605381165919,0.639013452914798
-0.228699551569507,-0.746636771300448
-0.228699551569507,-0.639013452914798
-0.228699551569507,-0.625560538116592
-0.228699551569507,-0.612107623318386
-0.228699551569507,-0.598654708520179
-0.228699551569507,-0.585201793721973
-0.228699551569507,-0.571748878923767
-0.228699551569507,-0.558295964125560
-0.228699551569507,-0.544843049327354
-0.228699551569507,-0.531390134529148
-0.228699551569507,-0.517937219730942
-0.228699551569507,-0.504484304932735
-0.228699551569507,-0.491031390134529
-0.228699551569507,-0.477578475336323
-0.228699551569507,-0.464125560538116
-0.228699551569507,-0.450672645739910
-0.228699551569507,-0.437219730941704
-0.228699551569507,-0.423766816143498
-0.228699551569507,-0.410313901345291
-0.228699551569507,-0.396860986547085
-0.228699551569507,-0.383408071748879
-0.228699551569507,-0.369955156950672
-0.228699551569507,-0.356502242152466
-0.228699551569507,-0.343049327354260
-0.228699551569507,-0.329596412556054
-0.228699551569507,-0.316143497757847
-0.228699551569507,-0.302690582959641
-0.228699551569507,-0.289237668161435
-0.228699551569507,-0.275784753363229
-0.228699551569507,-0.262331838565022
-0.228699551569507,-0.248878923766816
-0.228699551569507,-0.235426008968610
-0.228699551569507,-0.221973094170403
-0.228699551569507,-0.208520179372197
-0.228699551569507,-0.195067264573991
-0.228699551569507,-0.181614349775785
-0.228699551569507,-0.168161434977578
-0.228699551569507,-0.154708520179372
-0.228699551569507,-0.141255605381166
-0.228699551569507,-0.127802690582960
-0.228699551569507,-0.114349775784753
-0.228699551569507,-0.100896860986547
-0.228699551569507,-0.087443946188341
-0.228699551569507,-0.073991031390134
-0.228699551569507,-0.060538116591928
-0.228699551569507,-0.047085201793722
-0.228699551569507,-0.033632286995516
-0.228699551569507,-0.020179372197309
-0.228699551569507,-0.006726457399103
-0.228699551569507,0.006726457399103
-0.228699551569507,0.020179372197310
-0.228699551569507,0.033632286995516
-0.228699551569507,0.047085201793722
-0.228699551569507,0.060538116591928
-0.228699551569507,0.073991031390135
-0.228699551569507,0.087443946188341
-0.228699551569507,0.100896860986547
-0.228699551569507,0.114349775784753
-0.228699551569507,0.127802690582960
-0.228699551569507,0.141255605381166
-0.228699551569507,0.154708520179372
-0.228699551569507,0.168161434977579
-0.228699551569507,0.181614349775785
-0.228699551569507,0.195067264573991
-0.228699551569507,0.208520179372197
-0.228699551569507,0.221973094170404
-0.228699551569507,0.235426008968610
-0.228699551569507,0.248878923766816
-0.228699551569507,0.262331838565022
-0.228699551569507,0.275784753363229
-0.228699551569507,0.289237668161435
-0.228699551569507,0.302690582959641
-0.228699551569507,0.316143497757848
-0.228699551569507,0.329596412556054
-0.228699551569507,0.343049327354260
-0.228699551569507,0.356502242152466
-0.228699551569507,0.369955156950673
-0.228699551569507,0.383408071748879
-0.228699551569507,0.396860986547085
-0.228699551569507,0.410313901345292
-0.228699551569507,0.423766816143498
-0.228699551569507,0.437219730941704
-0.228699551569507,0.450672645739910
-0.228699551569507,0.464125560538117
-0.228699551569507,0.477578475336323
-0.228699551569507,0.491031390134529
-0.228699551569507,0.504484304932736
-0.228699551569507,0.517937219730942
-0.228699551569507,0.531390134529148
-0.228699551569507,0.544843049327354
-0.228699551569507,0.558295964125560
-0.228699551569507,0.571748878923767
-0.228699551569507,0.585201793721973
-0.228699551569507,0.598654708520180
-0.228699551569507,0.612107623318386
-0.228699551569507,0.625560538116592
-0.228699551569507,0.639013452914798
-0.228699551569507,0.746636771300448
-0.201793721973094,-0.800448430493274
-0.201793721973094,-0.786995515695067
-0.201793721973094,-0.773542600896861
-0.201793721973094,-0.760089686098655
-0.201793721973094,-0.746636771300448
-0.201793721973094,-0.733183856502242
-0.201793721973094,-0.719730941704036
-0.201793721973094,-0.706278026905830
-0.201793721973094,-0.692825112107623
-0.201793721973094,-0.639013452914798
-0.201793721973094,-0.625560538116592
-0.201793721973094,-0.612107623318386
-0.201793721973094,-0.598654708520179
-0.201793721973094,-0.585201793721973
-0.201793721973094,-0.571748878923767
-0.201793721973094,-0.558295964125560
-0.201793721973094,-0.544843049327354
-0.201793721973094,-0.531390134529148
-0.201793721973094,-0.517937219730942
-0.201793721973094,-0.504484304932735
-0.201793721973094,-0.491031390134529
-0.201793721973094,-0.477578475336323
-0.201793721973094,-0.464125560538116
-0.201793721973094,-0.450672645739910
-0.201793721973094,-0.437219730941704
-0.201793721973094,-0.423766816143498
-0.201793721973094,-0.410313901345291
-0.201793721973094,-0.396860986547085
-0.201793721973094,-0.383408071748879
-0.201793721973094,-0.369955156950672
-0.201793721973094,-0.356502242152466
-0.201793721973094,-0.343049327354260
-0.201793721973094,-0.329596412556054
-0.201793721973094,-0.316143497757847
-0.201793721973094,-0.302690582959641
-0.201793721973094,-0.289237668161435
-0.201793721973094,-0.275784753363229
-0.201793721973094,-0.262331838565022
-0.201793721973094,-0.248878923766816
-0.201793721973094,-0.235426008968610
-0.201793721973094,-0.221973094170403
-0.201793721973094,-0.208520179372197
-0.201793721973094,-0.195067264573991
-0.201793721973094,-0.181614349775785
-0.201793721973094,-0.168161434977578
-0.201793721973094,-0.154708520179372
-0.201793721973094,-0.141255605381166
-0.201793721973094,-0.127802690582960
-0.201793721973094,-0.114349775784753
-0.201793721973094,-0.100896860986547
-0.201793721973094,-0.087443946188341
-0.201793721973094,-0.073991031390134
-0.201793721973094,-0.060538116591928
-0.201793721973094,-0.047085201793722
-0.201793721973094,-0.033632286995516
-0.201793721973094,-0.020179372197309
-0.201793721973094,-0.006726457399103
-0.201793721973094,0.006726457399103
-0.201793721973094,0.020179372197310
-0.201793721973094,0.033632286995516
-0.201793721973094,0.047085201793722
-0.201793721973094,0.060538116591928
-0.201793721973094,0.073991031390135
-0.201793721973094,0.087443946188341
-0.201793721973094,0.100896860986547
-0.201793721973094,0.114349775784753
-0.201793721973094,0.127802690582960
-0.201793721973094,0.141255605381166
-0.201793721973094,0.154708520179372
-0.201793721973094,0.168161434977579
-0.201793721973094,0.181614349775785
-0.201793721973094,0.195067264573991
-0.201793721973094,0.208520179372197
-0.201793721973094,0.221973094170404
-0.201793721973094,0.235426008968610
-0.201793721973094,0.248878923766816
-0.201793721973094,0.262331838565022
-0.201793721973094,0.275784753363229
-0.201793721973094,0.289237668161435
-0.201793721973094,0.302690582959641
-0.201793721973094,0.316143497757848
-0.201793721973094,0.329596412556054
-0.201793721973094,0.343049327354260
-0.201793721973094,0.356502242152466
-0.201793721973094,0.369955156950673
-0.201793721973094,0.383408071748879
-0.201793721973094,0.396860986547085
-0.201793721973094,0.410313901345292
-0.201793721973094,0.423766816143498
-0.201793721973094,0.437219730941704
-0.201793721973094,0.450672645739910
-0.201793721973094,0.464125560538117
-0.201793721973094,0.477578475336323
-0.201793721973094,0.491031390134529
-0.201793721973094,0.504484304932736
-0.201793721973094,0.517937219730942
-0.201793721973094,0.531390134529148
-0.201793721973094,0.544843049327354
-0.201793721973094,0.558295964125560
-0.201793721973094,0.571748878923767
-0.201793721973094,0.585201793721973
-0.201793721973094,0.598654708520180
-0.201793721973094,0.612107623318386
-0.201793721973094,0.625560538116592
-0.201793721973094,0.639013452914798
-0.201793721973094,0.692825112107623
-0.201793721973094,0.706278026905830
-0.201793721973094,0.719730941704036
-0.201793721973094,0.733183856502242
-0.201793721973094,0.746636771300448
-0.201793721973094,0.760089686098655
-0.201793721973094,0.773542600896861
-0.201793721973094,0.786995515695067
-0.201793721973094,0.800448430493274
-0.174887892376681,-0.827354260089686
-0.174887892376681,-0.813901345291480
-0.174887892376681,-0.800448430493274
-0.174887892376681,-0.786995515695067
-0.174887892376681,-0.773542600896861
-0.174887892376681,-0.760089686098655
-0.174887892376681,-0.746636771300448
-0.174887892376681,-0.733183856502242
-0.174887892376681,-0.719730941704036
-0.174887892376681,-0.706278026905830
-0.174887892376681,-0.692825112107623
-0.174887892376681,-0.679372197309417
-0.174887892376681,-0.665919282511211
-0.174887892376681,-0.639013452914798
-0.174887892376681,-0.625560538116592
-0.174887892376681,-0.612107623318386
-0.174887892376681,-0.598654708520179
-0.174887892376681,-0.585201793721973
-0.174887892376681,-0.571748878923767
-0.174887892376681,-0.558295964125560
-0.174887892376681,-0.544843049327354
-0.174887892376681,-0.531390134529148
-0.174887892376681,-0.517937219730942
-0.174887892376681,-0.504484304932735
-0.174887892376681,-0.491031390134529
-0.174887892376681,-0.477578475336323
-0.174887892376681,-0.464125560538116
-0.174887892376681,-0.450672645739910
-0.174887892376681,-0.437219730941704
-0.174887892376681,-0.423766816143498
-0.174887892376681,-0.410313901345291
-0.174887892376681,-0.396860986547085
-0.174887892376681,-0.383408071748879
-0.174887892376681,-0.369955156950672
-0.174887892376681,-0.356502242152466
-0.174887892376681,-0.343049327354260
-0.174887892376681,-0.329596412556054
-0.174887892376681,-0.316143497757847
-0.174887892376681,-0.302690582959641
-0.174887892376681,-0.289237668161435
-0.174887892376681,-0.275784753363229
-0.174887892376681,-0.262331838565022
-0.174887892376681,-0.248878923766816
-0.174887892376681,-0.235426008968610
-0.174887892376681,-0.221973094170403
-0.174887892376681,-0.208520179372197
-0.174887892376681,-0.195067264573991
-0.174887892376681,-0.181614349775785
-0.174887892376681,-0.168161434977578
-0.174887892376681,-0.154708520179372
-0.174887892376681,-0.141255605381166
-0.174887892376681,-0.127802690582960
-0.174887892376681,-0.114349775784753
-0.174887892376681,-0.100896860986547
-0.174887892376681,-0.087443946188341
-0.174887892376681,-0.073991031390134
-0.174887892376681,-0.060538116591928
-0.174887892376681,-0.047085201793722
-0.174887892376681,-0.033632286995516
-0.174887892376681,-0.020179372197309
-0.174887892376681,-0.006726457399103
-0.174887892376681,0.006726457399103
-0.174887892376681,0.020179372197310
-0.174887892376681,0.033632286995516
-0.174887892376681,0.047085201793722
-0.174887892376681,0.060538116591928
-0.174887892376681,0.073991031390135
-0.174887892376681,0.087443946188341
-0.174887892376681,0.100896860986547
-0.174887892376681,0.114349775784753
-0.174887892376681,0.127802690582960
-0.174887892376681,0.141255605381166
-0.174887892376681,0.154708520179372
-0.174887892376681,0.168161434977579
-0.174887892376681,0.181614349775785
-0.174887892376681,0.195067264573991
-0.174887892376681,0.208520179372197
-0.174887892376681,0.221973094170404
-0.174887892376681,0.235426008968610
-0.174887892376681,0.248878923766816
-0.174887892376681,0.262331838565022
-0.174887892376681,0.275784753363229
-0.174887892376681,0.289237668161435
-0.174887892376681,0.302690582959641
-0.174887892376681,0.316143497757848
-0.174887892376681,0.329596412556054
-0.174887892376681,0.343049327354260
-0.174887892376681,0.356502242152466
-0.174887892376681,0.369955156950673
-0.174887892376681,0.383408071748879
-0.174887892376681,0.396860986547085
-0.174887892376681,0.410313901345292
-0.174887892376681,0.423766816143498
-0.174887892376681,0.437219730941704
-0.174887892376681,0.450672645739910
-0.174887892376681,0.464125560538117
-0.174887892376681,0.477578475336323
-0.174887892376681,0.491031390134529
-0.174887892376681,0.504484304932736
-0.174887892376681,0.517937219730942
-0.174887892376681,0.531390134529148
-0.174887892376681,0.544843049327354
-0.174887892376681,0.558295964125560
-0.174887892376681,0.571748878923767
-0.174887892376681,0.585201793721973
-0.174887892376681,0.598654708520180
-0.174887892376681,0.612107623318386
-0.174887892376681,0.625560538116592
-0.174887892376681,0.639013452914798
-0.174887892376681,0.665919282511211
-0.174887892376681,0.679372197309417
-0.174887892376681,0.692825112107623
-0.174887892376681,0.706278026905830
-0.174887892376681,0.719730941704036
-0.174887892376681,0.733183856502242
-0.174887892376681,0.746636771300448
-0.174887892376681,0.760089686098655
-0.174887892376681,0.773542600896861
-0.174887892376681,0.786995515695067
-0.174887892376681,0.800448430493274
-0.174887892376681,0.813901345291480
-0.174887892376681,0.827354260089686
-0.147982062780269,-0.827354260089686
-0.147982062780269,-0.813901345291480
-0.147982062780269,-0.800448430493274
-0.147982062780269,-0.786995515695067
-0.147982062780269,-0.773542600896861
-0.147982062780269,-0.760089686098655
-0.147982062780269,-0.746636771300448
-0.147982062780269,-0.733183856502242
-0.147982062780269,-0.719730941704036
-0.147982062780269,-0.706278026905830
-0.147982062780269,-0.692825112107623
-0.147982062780269,-0.679372197309417
-0.147982062780269,-0.665919282511211
-0.147982062780269,-0.652466367713004
-0.147982062780269,-0.639013452914798
-0.147982062780269,-0.625560538116592
-0.147982062780269,-0.612107623318386
-0.147982062780269,-0.598654708520179
-0.147982062780269,-0.585201793721973
-0.147982062780269,-0.571748878923767
-0.147982062780269,-0.558295964125560
-0.147982062780269,-0.544843049327354
-0.147982062780269,-0.531390134529148
-0.147982062780269,-0.517937219730942
-0.147982062780269,-0.504484304932735
-0.147982062780269,-0.491031390134529
-0.147982062780269,-0.477578475336323
-0.147982062780269,-0.464125560538116
-0.147982062780269,-0.450672645739910
-0.147982062780269,-0.437219730941704
-0.147982062780269,-0.423766816143498
-0.147982062780269,-0.410313901345291
-0.147982062780269,-0.396860986547085
-0.147982062780269,-0.383408071748879
-0.147982062780269,-0.369955156950672
-0.147982062780269,-0.356502242152466
-0.147982062780269,-0.343049327354260
-0.147982062780269,-0.329596412556054
-0.147982062780269,-0.316143497757847
-0.147982062780269,-0.302690582959641
-0.147982062780269,-0.289237668161435
-0.147982062780269,-0.275784753363229
-0.147982062780269,-0.262331838565022
-0.147982062780269,-0.248878923766816
-0.147982062780269,-0.235426008968610
-0.147982062780269,-0.221973094170403
-0.147982062780269,-0.208520179372197
-0.147982062780269,-0.195067264573991
-0.147982062780269,-0.181614349775785
-0.147982062780269,-0.168161434977578
-0.147982062780269,-0.154708520179372
-0.147982062780269,-0.141255605381166
-0.147982062780269,-0.127802690582960
-0.147982062780269,-0.114349775784753
-0.147982062780269,-0.100896860986547
-0.147982062780269,-0.087443946188341
-0.147982062780269,-0.073991031390134
-0.147982062780269,-0.060538116591928
-0.147982062780269,-0.047085201793722
-0.147982062780269,-0.033632286995516
-0.147982062780269,-0.020179372197309
-0.147982062780269,-0.006726457399103
-0.147982062780269,0.006726457399103
-0.147982062780269,0.020179372197310
-0.147982062780269,0.033632286995516
-0.147982062780269,0.047085201793722
-0.147982062780269,0.060538116591928
-0.147982062780269,0.073991031390135
-0.147982062780269,0.087443946188341
-0.147982062780269,0.100896860986547
-0.147982062780269,0.114349775784753
-0.147982062780269,0.127802690582960
-0.147982062780269,0.141255605381166
-0.147982062780269,0.154708520179372
-0.147982062780269,0.168161434977579
-0.147982062780269,0.181614349775785
-0.147982062780269,0.195067264573991
-0.147982062780269,0.208520179372197
-0.147982062780269,0.221973094170404
-0.147982062780269,0.235426008968610
-0.147982062780269,0.248878923766816
-0.147982062780269,0.262331838565022
-0.147982062780269,0.275784753363229
-0.147982062780269,0.289237668161435
-0.147982062780269,0.302690582959641
-0.147982062780269,0.316143497757848
-0.147982062780269,0.329596412556054
-0.147982062780269,0.343049327354260
-0.147982062780269,0.356502242152466
-0.147982062780269,0.369955156950673
-0.147982062780269,0.383408071748879
-0.147982062780269,0.396860986547085
-0.147982062780269,0.410313901345292
-0.147982062780269,0.423766816143498
-0.147982062780269,0.437219730941704
-0.147982062780269,0.450672645739910
-0.147982062780269,0.464125560538117
-0.147982062780269,0.477578475336323
-0.147982062780269,0.491031390134529
-0.147982062780269,0.504484304932736
-0.147982062780269,0.517937219730942
-0.147982062780269,0.531390134529148
-0.147982062780269,0.544843049327354
-0.147982062780269,0.558295964125560
-0.147982062780269,0.571748878923767
-0.147982062780269,0.585201793721973
-0.147982062780269,0.598654708520180
-0.147982062780269,0.612107623318386
-0.147982062780269,0.625560538116592
-0.147982062780269,0.639013452914798
-0.147982062780269,0.652466367713004
-0.147982062780269,0.665919282511211
-0.147982062780269,0.679372197309417
-0.147982062780269,0.692825112107623
-0.147982062780269,0.706278026905830
-0.147982062780269,0.719730941704036
-0.147982062780269,0.733183856502242
-0.147982062780269,0.746636771300448
-0.147982062780269,0.760089686098655
-0.147982062780269,0.773542600896861
-0.147982062780269,0.786995515695067
-0.147982062780269,0.800448430493274
-0.147982062780269,0.813901345291480
-0.147982062780269,0.827354260089686
-0.121076233183856,-0.881165919282511
-0.121076233183856,-0.867713004484305
-0.121076233183856,-0.854260089686099
-0.121076233183856,-0.840807174887892
-0.121076233183856,-0.827354260089686
-0.121076233183856,-0.813901345291480
-0.121076233183856,-0.800448430493274
-0.121076233183856,-0.786995515695067
-0.121076233183856,-0.773542600896861
-0.121076233183856,-0.760089686098655
-0.121076233183856,-0.746636771300448
-0.121076233183856,-0.733183856502242
-0.121076233183856,-0.719730941704036
-0.121076233183856,-0.706278026905830
-0.121076233183856,-0.692825112107623
-0.121076233183856,-0.679372197309417
-0.121076233183856,-0.665919282511211
-0.121076233183856,-0.652466367713004
-0.121076233183856,-0.639013452914798
-0.121076233183856,-0.625560538116592
-0.121076233183856,-0.612107623318386
-0.121076233183856,-0.598654708520179
-0.121076233183856,-0.585201793721973
-0.121076233183856,-0.571748878923767
-0.121076233183856,-0.558295964125560
-0.121076233183856,-0.544843049327354
-0.121076233183856,-0.531390134529148
-0.121076233183856,-0.517937219730942
-0.121076233183856,-0.504484304932735
-0.121076233183856,-0.491031390134529
-0.121076233183856,-0.477578475336323
-0.121076233183856,-0.464125560538116
-0.121076233183856,-0.450672645739910
-0.121076233183856,-0.437219730941704
-0.121076233183856,-0.423766816143498
-0.121076233183856,-0.410313901345291
-0.121076233183856,-0.396860986547085
-0.121076233183856,-0.383408071748879
-0.121076233183856,-0.369955156950672
-0.121076233183856,-0.356502242152466
-0.121076233183856,-0.343049327354260
-0.121076233183856,-0.329596412556054
-0.121076233183856,-0.316143497757847
-0.121076233183856,-0.302690582959641
-0.121076233183856,-0.289237668161435
-0.121076233183856,-0.275784753363229
-0.121076233183856,-0.262331838565022
-0.121076233183856,-0.248878923766816
-0.121076233183856,-0.235426008968610
-0.121076233183856,-0.221973094170403
-0.121076233183856,-0.208520179372197
-0.121076233183856,-0.195067264573991
-0.121076233183856,-0.181614349775785
-0.121076233183856,-0.168161434977578
-0.121076233183856,-0.154708520179372
-0.121076233183856,-0.141255605381166
-0.121076233183856,-0.127802690582960
-0.121076233183856,-0.114349775784753
-0.121076233183856,-0.100896860986547
-0.121076233183856,-0.087443946188341
-0.121076233183856,-0.073991031390134
-0.121076233183856,-0.060538116591928
-0.121076233183856,-0.047085201793722
-0.121076233183856,-0.033632286995516
-0.121076233183856,-0.020179372197309
-0.121076233183856,-0.006726457399103
-0.121076233183856,0.006726457399103
-0.121076233183856,0.020179372197310
-0.121076233183856,0.033632286995516
-0.121076233183856,0.047085201793722
-0.121076233183856,0.060538116591928
-0.121076233183856,0.073991031390135
-0.121076233183856,0.087443946188341
-0.121076233183856,0.100896860986547
-0.121076233183856,0.114349775784753
-0.121076233183856,0.127802690582960
-0.121076233183856,0.141255605381166
-0.121076233183856,0.154708520179372
-0.121076233183856,0.168161434977579
-0.121076233183856,0.181614349775785
-0.121076233183856,0.195067264573991
-0.121076233183856,0.208520179372197
-0.121076233183856,0.221973094170404
-0.121076233183856,0.235426008968610
-0.121076233183856,0.248878923766816
-0.121076233183856,0.262331838565022
-0.121076233183856,0.275784753363229
-0.121076233183856,0.289237668161435
-0.121076233183856,0.302690582959641
-0.121076233183856,0.316143497757848
-0.121076233183856,0.329596412556054
-0.121076233183856,0.343049327354260
-0.121076233183856,0.356502242152466
-0.121076233183856,0.369955156950673
-0.121076233183856,0.383408071748879
-0.121076233183856,0.396860986547085
-0.121076233183856,0.410313901345292
-0.121076233183856,0.423766816143498
-0.121076233183856,0.437219730941704
-0.121076233183856,0.450672645739910
-0.121076233183856,0.464125560538117
-0.121076233183856,0.477578475336323
-0.121076233183856,0.491031390134529
-0.121076233183856,0.504484304932736
-0.121076233183856,0.517937219730942
-0.121076233183856,0.531390134529148
-0.121076233183856,0.544843049327354
-0.121076233183856,0.558295964125560
-0.121076233183856,0.571748878923767
-0.121076233183856,0.585201793721973
-0.121076233183856,0.598654708520180
-0.121076233183856,0.612107623318386
-0.121076233183856,0.625560538116592
-0.121076233183856,0.639013452914798
-0.121076233183856,0.652466367713004
-0.121076233183856,0.665919282511211
-0.121076233183856,0.679372197309417
-0.121076233183856,0.692825112107623
-0.121076233183856,0.706278026905830
-0.121076233183856,0.719730941704036
-0.121076233183856,0.733183856502242
-0.121076233183856,0.746636771300448
-0.121076233183856,0.760089686098655
-0.121076233183856,0.773542600896861
-0.121076233183856,0.786995515695067
-0.121076233183856,0.800448430493274
-0.121076233183856,0.813901345291480
-0.121076233183856,0.827354260089686
-0.121076233183856,0.840807174887892
-0.121076233183856,0.854260089686099
-0.121076233183856,0.867713004484305
-0.121076233183856,0.881165919282511
-0.094170403587444,-0.867713004484305
-0.094170403587444,-0.854260089686099
-0.094170403587444,-0.827354260089686
-0.094170403587444,-0.813901345291480
-0.094170403587444,-0.800448430493274
-0.094170403587444,-0.786995515695067
-0.094170403587444,-0.773542600896861
-0.094170403587444,-0.760089686098655
-0.094170403587444,-0.746636771300448
-0.094170403587444,-0.733183856502242
-0.094170403587444,-0.719730941704036
-0.094170403587444,-0.706278026905830
-0.094170403587444,-0.692825112107623
-0.094170403587444,-0.679372197309417
-0.094170403587444,-0.665919282511211
-0.094170403587444,-0.639013452914798
-0.094170403587444,-0.625560538116592
-0.094170403587444,-0.612107623318386
-0.094170403587444,-0.598654708520179
-0.094170403587444,-0.585201793721973
-0.094170403587444,-0.571748878923767
-0.094170403587444,-0.558295964125560
-0.094170403587444,-0.544843049327354
-0.094170403587444,-0.531390134529148
-0.094170403587444,-0.517937219730942
-0.094170403587444,-0.504484304932735
-0.094170403587444,-0.491031390134529
-0.094170403587444,-0.477578475336323
-0.094170403587444,-0.464125560538116
-0.094170403587444,-0.450672645739910
-0.094170403587444,-0.437219730941704
-0.094170403587444,-0.423766816143498
-0.094170403587444,-0.410313901345291
-0.094170403587444,-0.396860986547085
-0.094170403587444,-0.383408071748879
-0.094170403587444,-0.369955156950672
-0.094170403587444,-0.356502242152466
-0.094170403587444,-0.343049327354260
-0.094170403587444,-0.329596412556054
-0.094170403587444,-0.316143497757847
-0.094170403587444,-0.302690582959641
-0.094170403587444,-0.289237668161435
-0.094170403587444,-0.275784753363229
-0.094170403587444,-0.262331838565022
-0.094170403587444,-0.248878923766816
-0.094170403587444,-0.235426008968610
-0.094170403587444,-0.221973094170403
-0.094170403587444,-0.208520179372197
-0.094170403587444,-0.195067264573991
-0.094170403587444,-0.181614349775785
-0.094170403587444,-0.168161434977578
-0.094170403587444,-0.154708520179372
-0.094170403587444,-0.141255605381166
-0.094170403587444,-0.127802690582960
-0.094170403587444,-0.114349775784753
-0.094170403587444,-0.100896860986547
-0.094170403587444,-0.087443946188341
-0.094170403587444,-0.073991031390134
-0.094170403587444,-0.060538116591928
-0.094170403587444,-0.047085201793722
-0.094170403587444,-0.033632286995516
-0.094170403587444,-0.020179372197309
-0.094170403587444,-0.006726457399103
-0.094170403587444,0.006726457399103
-0.094170403587444,0.020179372197310
-0.094170403587444,0.033632286995516
-0.094170403587444,0.047085201793722
-0.094170403587444,0.060538116591928
-0.094170403587444,0.073991031390135
-0.094170403587444,0.087443946188341
-0.094170403587444,0.100896860986547
-0.094170403587444,0.114349775784753
-0.094170403587444,0.127802690582960
-0.094170403587444,0.141255605381166
-0.094170403587444,0.154708520179372
-0.094170403587444,0.168161434977579
-0.094170403587444,0.181614349775785
-0.094170403587444,0.195067264573991
-0.094170403587444,0.208520179372197
-0.094170403587444,0.221973094170404
-0.094170403587444,0.235426008968610
-0.094170403587444,0.248878923766816
-0.094170403587444,0.262331838565022
-0.094170403587444,0.275784753363229
-0.094170403587444,0.289237668161435
-0.094170403587444,0.302690582959641
-0.094170403587444,0.316143497757848
-0.094170403587444,0.329596412556054
-0.094170403587444,0.343049327354260
-0.094170403587444,0.356502242152466
-0.094170403587444,0.369955156950673
-0.094170403587444,0.383408071748879
-0.094170403587444,0.396860986547085
-0.094170403587444,0.410313901345292
-0.094170403587444,0.423766816143498
-0.094170403587444,0.437219730941704
-0.094170403587444,0.450672645739910
-0.094170403587444,0.464125560538117
-0.094170403587444,0.477578475336323
-0.094170403587444,0.491031390134529
-0.094170403587444,0.504484304932736
-0.094170403587444,0.517937219730942
-0.094170403587444,0.531390134529148
-0.094170403587444,0.544843049327354
-0.094170403587444,0.558295964125560
-0.094170403587444,0.571748878923767
-0.094170403587444,0.585201793721973
-0.094170403587444,0.598654708520180
-0.094170403587444,0.612107623318386
-0.094170403587444,0.625560538116592
-0.094170403587444,0.639013452914798
-0.094170403587444,0.665919282511211
-0.094170403587444,0.679372197309417
-0.094170403587444,0.692825112107623
-0.094170403587444,0.706278026905830
-0.094170403587444,0.719730941704036
-0.094170403587444,0.733183856502242
-0.094170403587444,0.746636771300448
-0.094170403587444,0.760089686098655
-0.094170403587444,0.773542600896861
-0.094170403587444,0.786995515695067
-0.094170403587444,0.800448430493274
-0.094170403587444,0.813901345291480
-0.094170403587444,0.827354260089686
-0.094170403587444,0.854260089686099
-0.094170403587444,0.867713004484305
-0.067264573991031,-0.813901345291480
-0.067264573991031,-0.800448430493274
-0.067264573991031,-0.786995515695067
-0.067264573991031,-0.773542600896861
-0.067264573991031,-0.760089686098655
-0.067264573991031,-0.746636771300448
-0.067264573991031,-0.733183856502242
-0.067264573991031,-0.719730941704036
-0.067264573991031,-0.706278026905830
-0.067264573991031,-0.692825112107623
-0.067264573991031,-0.679372197309417
-0.067264573991031,-0.639013452914798
-0.067264573991031,-0.625560538116592
-0.067264573991031,-0.612107623318386
-0.067264573991031,-0.598654708520179
-0.067264573991031,-0.585201793721973
-0.067264573991031,-0.571748878923767
-0.067264573991031,-0.558295964125560
-0.067264573991031,-0.544843049327354
-0.067264573991031,-0.531390134529148
-0.067264573991031,-0.517937219730942
-0.067264573991031,-0.504484304932735
-0.067264573991031,-0.491031390134529
-0.067264573991031,-0.477578475336323
-0.067264573991031,-0.464125560538116
-0.067264573991031,-0.450672645739910
-0.067264573991031,-0.437219730941704
-0.067264573991031,-0.423766816143498
-0.067264573991031,-0.410313901345291
-0.067264573991031,-0.396860986547085
-0.067264573991031,-0.383408071748879
-0.067264573991031,-0.369955156950672
-0.067264573991031,-0.356502242152466
-0.067264573991031,-0.343049327354260
-0.067264573991031,-0.329596412556054
-0.067264573991031,-0.316143497757847
-0.067264573991031,-0.302690582959641
-0.067264573991031,-0.289237668161435
-0.067264573991031,-0.275784753363229
-0.067264573991031,-0.262331838565022
-0.067264573991031,-0.248878923766816
-0.067264573991031,-0.235426008968610
-0.067264573991031,-0.221973094170403
-0.067264573991031,-0.208520179372197
-0.067264573991031,-0.195067264573991
-0.067264573991031,-0.181614349775785
-0.067264573991031,-0.168161434977578
-0.067264573991031,-0.154708520179372
-0.067264573991031,-0.141255605381166
-0.067264573991031,-0.127802690582960
-0.067264573991031,-0.114349775784753
-0.067264573991031,-0.100896860986547
-0.067264573991031,-0.087443946188341
-0.067264573991031,-0.073991031390134
-0.067264573991031,-0.060538116591928
-0.067264573991031,-0.047085201793722
-0.067264573991031,-0.033632286995516
-0.067264573991031,-0.020179372197309
-0.067264573991031,-0.006726457399103
-0.067264573991031,0.006726457399103
-0.067264573991031,0.020179372197310
-0.067264573991031,0.033632286995516
-0.067264573991031,0.047085201793722
-0.067264573991031,0.060538116591928
-0.067264573991031,0.073991031390135
-0.067264573991031,0.087443946188341
-0.067264573991031,0.100896860986547
-0.067264573991031,0.114349775784753
-0.067264573991031,0.127802690582960
-0.067264573991031,0.141255605381166
-0.067264573991031,0.154708520179372
-0.067264573991031,0.168161434977579
-0.067264573991031,0.181614349775785
-0.067264573991031,0.195067264573991
-0.067264573991031,0.208520179372197
-0.067264573991031,0.221973094170404
-0.067264573991031,0.235426008968610
-0.067264573991031,0.248878923766816
-0.067264573991031,0.262331838565022
-0.067264573991031,0.275784753363229
-0.067264573991031,0.289237668161435
-0.067264573991031,0.302690582959641
-0.067264573991031,0.316143497757848
-0.067264573991031,0.329596412556054
-0.067264573991031,0.343049327354260
-0.067264573991031,0.356502242152466
-0.067264573991031,0.369955156950673
-0.067264573991031,0.383408071748879
-0.067264573991031,0.396860986547085
-0.067264573991031,0.410313901345292
-0.067264573991031,0.423766816143498
-0.067264573991031,0.437219730941704
-0.067264573991031,0.450672645739910
-0.067264573991031,0.464125560538117
-0.067264573991031,0.477578475336323
-0.067264573991031,0.491031390134529
-0.067264573991031,0.504484304932736
-0.067264573991031,0.517937219730942
-0.067264573991031,0.531390134529148
-0.067264573991031,0.544843049327354
-0.067264573991031,0.558295964125560
-0.067264573991031,0.571748878923767
-0.067264573991031,0.585201793721973
-0.067264573991031,0.598654708520180
-0.067264573991031,0.612107623318386
-0.067264573991031,0.625560538116592
-0.067264573991031,0.639013452914798
-0.067264573991031,0.679372197309417
-0.067264573991031,0.692825112107623
-0.067264573991031,0.706278026905830
-0.067264573991031,0.719730941704036
-0.067264573991031,0.733183856502242
-0.067264573991031,0.746636771300448
-0.067264573991031,0.760089686098655
-0.067264573991031,0.773542600896861
-0.067264573991031,0.786995515695067
-0.067264573991031,0.800448430493274
-0.067264573991031,0.813901345291480
-0.040358744394619,-0.786995515695067
-0.040358744394619,-0.773542600896861
-0.040358744394619,-0.760089686098655
-0.040358744394619,-0.746636771300448
-0.040358744394619,-0.733183856502242
-0.040358744394619,-0.719730941704036
-0.040358744394619,-0.706278026905830
-0.040358744394619,-0.692825112107623
-0.040358744394619,-0.639013452914798
-0.040358744394619,-0.625560538116592
-0.040358744394619,-0.612107623318386
-0.040358744394619,-0.598654708520179
-0.040358744394619,-0.585201793721973
-0.040358744394619,-0.571748878923767
-0.040358744394619,-0.558295964125560
-0.040358744394619,-0.544843049327354
-0.040358744394619,-0.531390134529148
-0.040358744394619,-0.517937219730942
-0.040358744394619,-0.504484304932735
-0.040358744394619,-0.491031390134529
-0.040358744394619,-0.477578475336323
-0.040358744394619,-0.464125560538116
-0.040358744394619,-0.450672645739910
-0.040358744394619,-0.437219730941704
-0.040358744394619,-0.423766816143498
-0.040358744394619,-0.410313901345291
-0.040358744394619,-0.396860986547085
-0.040358744394619,-0.383408071748879
-0.040358744394619,-0.369955156950672
-0.040358744394619,-0.356502242152466
-0.040358744394619,-0.343049327354260
-0.040358744394619,-0.329596412556054
-0.040358744394619,-0.316143497757847
-0.040358744394619,-0.302690582959641
-0.040358744394619,-0.289237668161435
-0.040358744394619,-0.275784753363229
-0.040358744394619,-0.262331838565022
-0.040358744394619,-0.248878923766816
-0.040358744394619,-0.235426008968610
-0.040358744394619,-0.221973094170403
-0.040358744394619,-0.208520179372197
-0.040358744394619,-0.195067264573991
-0.040358744394619,-0.181614349775785
-0.040358744394619,-0.168161434977578
-0.040358744394619,-0.154708520179372
-0.040358744394619,-0.141255605381166
-0.040358744394619,-0.127802690582960
-0.040358744394619,-0.114349775784753
-0.040358744394619,-0.100896860986547
-0.040358744394619,-0.087443946188341
-0.040358744394619,-0.073991031390134
-0.040358744394619,-0.060538116591928
-0.040358744394619,-0.047085201793722
-0.040358744394619,-0.033632286995516
-0.040358744394619,-0.020179372197309
-0.040358744394619,-0.006726457399103
-0.040358744394619,0.006726457399103
-0.040358744394619,0.020179372197310
-0.040358744394619,0.033632286995516
-0.040358744394619,0.047085201793722
-0.040358744394619,0.060538116591928
-0.040358744394619,0.073991031390135
-0.040358744394619,0.087443946188341
-0.040358744394619,0.100896860986547
-0.040358744394619,0.114349775784753
-0.040358744394619,0.127802690582960
-0.040358744394619,0.141255605381166
-0.040358744394619,0.154708520179372
-0.040358744394619,0.168161434977579
-0.040358744394619,0.181614349775785
-0.040358744394619,0.195067264573991
-0.040358744394619,0.208520179372197
-0.040358744394619,0.221973094170404
-0.040358744394619,0.235426008968610
-0.040358744394619,0.248878923766816
-0.040358744394619,0.262331838565022
-0.040358744394619,0.275784753363229
-0.040358744394619,0.289237668161435
-0.040358744394619,0.302690582959641
-0.040358744394619,0.316143497757848
-0.040358744394619,0.329596412556054
-0.040358744394619,0.343049327354260
-0.040358744394619,0.356502242152466
-0.040358744394619,0.369955156950673
-0.040358744394619,0.383408071748879
-0.040358744394619,0.396860986547085
-0.040358744394619,0.410313901345292
-0.040358744394619,0.423766816143498
-0.040358744394619,0.437219730941704
-0.040358744394619,0.450672645739910
-0.040358744394619,0.464125560538117
-0.040358744394619,0.477578475336323
-0.040358744394619,0.491031390134529
-0.040358744394619,0.504484304932736
-0.040358744394619,0.517937219730942
-0.040358744394619,0.531390134529148
-0.040358744394619,0.544843049327354
-0.040358744394619,0.558295964125560
-0.040358744394619,0.571748878923767
-0.040358744394619,0.585201793721973
-0.040358744394619,0.598654708520180
-0.040358744394619,0.612107623318386
-0.040358744394619,0.625560538116592
-0.040358744394619,0.639013452914798
-0.040358744394619,0.692825112107623
-0.040358744394619,0.706278026905830
-0.040358744394619,0.719730941704036
-0.040358744394619,0.733183856502242
-0.040358744394619,0.746636771300448
-0.040358744394619,0.760089686098655
-0.040358744394619,0.773542600896861
-0.040358744394619,0.786995515695067
-0.013452914798206,-0.639013452914798
-0.013452914798206,-0.625560538116592
-0.013452914798206,-0.612107623318386
-0.013452914798206,-0.598654708520179
-0.013452914798206,-0.585201793721973
-0.013452914798206,-0.571748878923767
-0.013452914798206,-0.558295964125560
-0.013452914798206,-0.544843049327354
-0.013452914798206,-0.531390134529148
-0.013452914798206,-0.517937219730942
-0.013452914798206,-0.504484304932735
-0.013452914798206,-0.491031390134529
-0.013452914798206,-0.477578475336323
-0.013452914798206,-0.464125560538116
-0.013452914798206,-0.450672645739910
-0.013452914798206,-0.437219730941704
-0.013452914798206,-0.423766816143498
-0.013452914798206,-0.410313901345291
-0.013452914798206,-0.396860986547085
-0.013452914798206,-0.383408071748879
-0.013452914798206,-0.369955156950672
-0.013452914798206,-0.356502242152466
-0.013452914798206,-0.343049327354260
-0.013452914798206,-0.329596412556054
-0.013452914798206,-0.316143497757847
-0.013452914798206,-0.302690582959641
-0.013452914798206,-0.289237668161435
-0.013452914798206,-0.275784753363229
-0.013452914798206,-0.262331838565022
-0.013452914798206,-0.248878923766816
-0.013452914798206,-0.235426008968610
-0.013452914798206,-0.221973094170403
-0.013452914798206,-0.208520179372197
-0.013452914798206,-0.195067264573991
-0.013452914798206,-0.181614349775785
-0.013452914798206,-0.168161434977578
-0.013452914798206,-0.154708520179372
-0.013452914798206,-0.141255605381166
-0.013452914798206,-0.127802690582960
-0.013452914798206,-0.114349775784753
-0.013452914798206,-0.100896860986547
-0.013452914798206,-0.087443946188341
-0.013452914798206,-0.073991031390134
-0.013452914798206,-0.060538116591928
-0.013452914798206,-0.047085201793722
-0.013452914798206,-0.033632286995516
-0.013452914798206,-0.020179372197309
-0.013452914798206,-0.006726457399103
-0.013452914798206,0.006726457399103
-0.013452914798206,0.020179372197310
-0.013452914798206,0.033632286995516
-0.013452914798206,0.047085201793722
-0.013452914798206,0.060538116591928
-0.013452914798206,0.073991031390135
-0.013452914798206,0.087443946188341
-0.013452914798206,0.100896860986547
-0.013452914798206,0.114349775784753
-0.013452914798206,0.127802690582960
-0.013452914798206,0.141255605381166
-0.013452914798206,0.154708520179372
-0.013452914798206,0.168161434977579
-0.013452914798206,0.181614349775785
-0.013452914798206,0.195067264573991
-0.013452914798206,0.208520179372197
-0.013452914798206,0.221973094170404
-0.013452914798206,0.235426008968610
-0.013452914798206,0.248878923766816
-0.013452914798206,0.262331838565022
-0.013452914798206,0.275784753363229
-0.013452914798206,0.289237668161435
-0.013452914798206,0.302690582959641
-0.013452914798206,0.316143497757848
-0.013452914798206,0.329596412556054
-0.013452914798206,0.343049327354260
-0.013452914798206,0.356502242152466
-0.013452914798206,0.369955156950673
-0.013452914798206,0.383408071748879
-0.013452914798206,0.396860986547085
-0.013452914798206,0.410313901345292
-0.013452914798206,0.423766816143498
-0.013452914798206,0.437219730941704
-0.013452914798206,0.450672645739910
-0.013452914798206,0.464125560538117
-0.013452914798206,0.477578475336323
-0.013452914798206,0.491031390134529
-0.013452914798206,0.504484304932736
-0.013452914798206,0.517937219730942
-0.013452914798206,0.531390134529148
-0.013452914798206,0.544843049327354
-0.013452914798206,0.558295964125560
-0.013452914798206,0.571748878923767
-0.013452914798206,0.585201793721973
-0.013452914798206,0.598654708520180
-0.013452914798206,0.612107623318386
-0.013452914798206,0.625560538116592
-0.013452914798206,0.639013452914798
0.013452914798207,-0.639013452914798
0.013452914798207,-0.625560538116592
0.013452914798207,-0.612107623318386
0.013452914798207,-0.598654708520179
0.013452914798207,-0.585201793721973
0.013452914798207,-0.571748878923767
0.013452914798207,-0.558295964125560
0.013452914798207,-0.544843049327354
0.013452914798207,-0.531390134529148
0.013452914798207,-0.517937219730942
0.013452914798207,-0.504484304932735
0.013452914798207,-0.491031390134529
0.013452914798207,-0.477578475336323
0.013452914798207,-0.464125560538116
0.013452914798207,-0.450672645739910
0.013452914798207,-0.437219730941704
0.013452914798207,-0.423766816143498
0.013452914798207,-0.410313901345291
0.013452914798207,-0.396860986547085
0.013452914798207,-0.383408071748879
0.013452914798207,-0.369955156950672
0.013452914798207,-0.356502242152466
0.013452914798207,-0.343049327354260
0.013452914798207,-0.329596412556054
0.013452914798207,-0.316143497757847
0.013452914798207,-0.302690582959641
0.013452914798207,-0.289237668161435
0.013452914798207,-0.275784753363229
0.013452914798207,-0.262331838565022
0.013452914798207,-0.248878923766816
0.013452914798207,-0.235426008968610
0.013452914798207,-0.221973094170403
0.013452914798207,-0.208520179372197
0.013452914798207,-0.195067264573991
0.013452914798207,-0.181614349775785
0.013452914798207,-0.168161434977578
0.013452914798207,-0.154708520179372
0.013452914798207,-0.141255605381166
0.013452914798207,-0.127802690582960
0.013452914798207,-0.114349775784753
0.013452914798207,-0.100896860986547
0.013452914798207,-0.087443946188341
0.013452914798207,-0.073991031390134
0.013452914798207,-0.060538116591928
0.013452914798207,-0.047085201793722
0.013452914798207,-0.033632286995516
0.013452914798207,-0.020179372197309
0.013452914798207,-0.006726457399103
0.013452914798207,0.006726457399103
0.013452914798207,0.020179372197310
0.013452914798207,0.033632286995516
0.013452914798207,0.047085201793722
0.013452914798207,0.060538116591928
0.013452914798207,0.073991031390135
0.013452914798207,0.087443946188341
0.013452914798207,0.100896860986547
0.013452914798207,0.114349775784753
0.013452914798207,0.127802690582960
0.013452914798207,0.141255605381166
0.013452914798207,0.154708520179372
0.013452914798207,0.168161434977579
0.013452914798207,0.181614349775785
0.013452914798207,0.195067264573991
0.013452914798207,0.208520179372197
0.013452914798207,0.221973094170404
0.013452914798207,0.235426008968610
0.013452914798207,0.248878923766816
0.013452914798207,0.262331838565022
0.013452914798207,0.275784753363229
0.013452914798207,0.289237668161435
0.013452914798207,0.302690582959641
0.013452914798207,0.316143497757848
0.013452914798207,0.329596412556054
0.013452914798207,0.343049327354260
0.013452914798207,0.356502242152466
0.013452914798207,0.369955156950673
0.013452914798207,0.383408071748879
0.013452914798207,0.396860986547085
0.013452914798207,0.410313901345292
0.013452914798207,0.423766816143498
0.013452914798207,0.437219730941704
0.013452914798207,0.450672645739910
0.013452914798207,0.464125560538117
0.013452914798207,0.477578475336323
0.013452914798207,0.491031390134529
0.013452914798207,0.504484304932736
0.013452914798207,0.517937219730942
0.013452914798207,0.531390134529148
0.013452914798207,0.544843049327354
0.013452914798207,0.558295964125560
0.013452914798207,0.571748878923767
0.013452914798207,0.585201793721973
0.013452914798207,0.598654708520180
0.013452914798207,0.612107623318386
0.013452914798207,0.625560538116592
0.013452914798207,0.639013452914798
0.040358744394619,-0.625560538116592
0.040358744394619,-0.612107623318386
0.040358744394619,-0.598654708520179
0.040358744394619,-0.585201793721973
0.040358744394619,-0.571748878923767
0.040358744394619,-0.558295964125560
0.040358744394619,-0.544843049327354
0.040358744394619,-0.531390134529148
0.040358744394619,-0.517937219730942
0.040358744394619,-0.504484304932735
0.040358744394619,-0.491031390134529
0.040358744394619,-0.477578475336323
0.040358744394619,-0.464125560538116
0.040358744394619,-0.450672645739910
0.040358744394619,-0.437219730941704
0.040358744394619,-0.423766816143498
0.040358744394619,-0.410313901345291
0.040358744394619,-0.396860986547085
0.040358744394619,-0.383408071748879
0.040358744394619,-0.369955156950672
0.040358744394619,-0.356502242152466
0.040358744394619,-0.343049327354260
0.040358744394619,-0.329596412556054
0.040358744394619,-0.316143497757847
0.040358744394619,-0.302690582959641
0.040358744394619,-0.289237668161435
0.040358744394619,-0.275784753363229
0.040358744394619,-0.262331838565022
0.040358744394619,-0.248878923766816
0.040358744394619,-0.235426008968610
0.040358744394619,-0.221973094170403
0.040358744394619,-0.208520179372197
0.040358744394619,-0.195067264573991
0.040358744394619,-0.181614349775785
0.040358744394619,-0.168161434977578
0.040358744394619,-0.154708520179372
0.040358744394619,-0.141255605381166
0.040358744394619,-0.127802690582960
0.040358744394619,-0.114349775784753
0.040358744394619,-0.100896860986547
0.040358744394619,-0.087443946188341
0.040358744394619,-0.073991031390134
0.040358744394619,-0.060538116591928
0.040358744394619,-0.047085201793722
0.040358744394619,-0.033632286995516
0.040358744394619,-0.020179372197309
0.040358744394619,-0.006726457399103
0.040358744394619,0.006726457399103
0.040358744394619,0.020179372197310
0.040358744394619,0.033632286995516
0.040358744394619,0.047085201793722
0.040358744394619,0.060538116591928
0.040358744394619,0.073991031390135
0.040358744394619,0.087443946188341
0.040358744394619,0.100896860986547
0.040358744394619,0.114349775784753
0.040358744394619,0.127802690582960
0.040358744394619,0.141255605381166
0.040358744394619,0.154708520179372
0.040358744394619,0.168161434977579
0.040358744394619,0.181614349775785
0.040358744394619,0.195067264573991
0.040358744394619,0.208520179372197
0.040358744394619,0.221973094170404
0.040358744394619,0.235426008968610
0.040358744394619,0.248878923766816
0.040358744394619,0.262331838565022
0.040358744394619,0.275784753363229
0.040358744394619,0.289237668161435
0.040358744394619,0.302690582959641
0.040358744394619,0.316143497757848
0.040358744394619,0.329596412556054
0.040358744394619,0.343049327354260
0.040358744394619,0.356502242152466
0.040358744394619,0.369955156950673
0.040358744394619,0.383408071748879
0.040358744394619,0.396860986547085
0.040358744394619,0.410313901345292
0.040358744394619,0.423766816143498
0.040358744394619,0.437219730941704
0.040358744394619,0.450672645739910
0.040358744394619,0.464125560538117
0.040358744394619,0.477578475336323
0.040358744394619,0.491031390134529
0.040358744394619,0.504484304932736
0.040358744394619,0.517937219730942
0.040358744394619,0.531390134529148
0.040358744394619,0.544843049327354
0.040358744394619,0.558295964125560
0.040358744394619,0.571748878923767
0.040358744394619,0.585201793721973
0.040358744394619,0.598654708520180
0.040358744394619,0.612107623318386
0.040358744394619,0.625560538116592
0.067264573991031,-0.612107623318386
0.067264573991031,-0.598654708520179
0.067264573991031,-0.585201793721973
0.067264573991031,-0.571748878923767
0.067264573991031,-0.558295964125560
0.067264573991031,-0.544843049327354
0.067264573991031,-0.531390134529148
0.067264573991031,-0.517937219730942
0.067264573991031,-0.504484304932735
0.067264573991031,-0.491031390134529
0.067264573991031,-0.477578475336323
0.067264573991031,-0.464125560538116
0.067264573991031,-0.450672645739910
0.067264573991031,-0.437219730941704
0.067264573991031,-0.423766816143498
0.067264573991031,-0.410313901345291
0.067264573991031,-0.396860986547085
0.067264573991031,-0.383408071748879
0.067264573991031,-0.369955156950672
0.067264573991031,-0.356502242152466
0.067264573991031,-0.343049327354260
0.067264573991031,-0.329596412556054
0.067264573991031,-0.316143497757847
0.067264573991031,-0.302690582959641
0.067264573991031,-0.289237668161435
0.067264573991031,-0.275784753363229
0.067264573991031,-0.262331838565022
0.067264573991031,-0.248878923766816
0.067264573991031,-0.235426008968610
0.067264573991031,-0.221973094170403
0.067264573991031,-0.208520179372197
0.067264573991031,-0.195067264573991
0.067264573991031,-0.181614349775785
0.067264573991031,-0.168161434977578
0.067264573991031,-0.154708520179372
0.067264573991031,-0.141255605381166
0.067264573991031,-0.127802690582960
0.067264573991031,-0.114349775784753
0.067264573991031,-0.100896860986547
0.067264573991031,-0.087443946188341
0.067264573991031,-0.073991031390134
0.067264573991031,-0.060538116591928
0.067264573991031,-0.047085201793722
0.067264573991031,-0.033632286995516
0.067264573991031,-0.020179372197309
0.067264573991031,-0.006726457399103
0.067264573991031,0.006726457399103
0.067264573991031,0.020179372197310
0.067264573991031,0.033632286995516
0.067264573991031,0.047085201793722
0.067264573991031,0.060538116591928
0.067264573991031,0.073991031390135
0.067264573991031,0.087443946188341
0.067264573991031,0.100896860986547
0.067264573991031,0.114349775784753
0.067264573991031,0.127802690582960
0.067264573991031,0.141255605381166
0.067264573991031,0.154708520179372
0.067264573991031,0.168161434977579
0.067264573991031,0.181614349775785
0.067264573991031,0.195067264573991
0.067264573991031,0.208520179372197
0.067264573991031,0.221973094170404
0.067264573991031,0.235426008968610
0.067264573991031,0.248878923766816
0.067264573991031,0.262331838565022
0.067264573991031,0.275784753363229
0.067264573991031,0.289237668161435
0.067264573991031,0.302690582959641
0.067264573991031,0.316143497757848
0.067264573991031,0.329596412556054
0.067264573991031,0.343049327354260
0.067264573991031,0.356502242152466
0.067264573991031,0.369955156950673
0.067264573991031,0.383408071748879
0.067264573991031,0.396860986547085
0.067264573991031,0.410313901345292
0.067264573991031,0.423766816143498
0.067264573991031,0.437219730941704
0.067264573991031,0.450672645739910
0.067264573991031,0.464125560538117
0.067264573991031,0.477578475336323
0.067264573991031,0.491031390134529
0.067264573991031,0.504484304932736
0.067264573991031,0.517937219730942
0.067264573991031,0.531390134529148
0.067264573991031,0.544843049327354
0.067264573991031,0.558295964125560
0.067264573991031,0.571748878923767
0.067264573991031,0.585201793721973
0.067264573991031,0.598654708520180
0.067264573991031,0.612107623318386
0.094170403587444,-0.598654708520179
0.094170403587444,-0.585201793721973
0.094170403587444,-0.571748878923767
0.094170403587444,-0.558295964125560
0.094170403587444,-0.544843049327354
0.094170403587444,-0.531390134529148
0.094170403587444,-0.517937219730942
0.094170403587444,-0.504484304932735
0.094170403587444,-0.491031390134529
0.094170403587444,-0.477578475336323
0.094170403587444,-0.464125560538116
0.094170403587444,-0.450672645739910
0.094170403587444,-0.437219730941704
0.094170403587444,-0.423766816143498
0.094170403587444,-0.410313901345291
0.094170403587444,-0.396860986547085
0.094170403587444,-0.383408071748879
0.094170403587444,-0.369955156950672
0.094170403587444,-0.356502242152466
0.094170403587444,-0.343049327354260
0.094170403587444,-0.329596412556054
0.094170403587444,-0.316143497757847
0.094170403587444,-0.302690582959641
0.094170403587444,-0.289237668161435
0.094170403587444,-0.275784753363229
0.094170403587444,-0.262331838565022
0.094170403587444,-0.248878923766816
0.094170403587444,-0.235426008968610
0.094170403587444,-0.221973094170403
0.094170403587444,-0.208520179372197
0.094170403587444,-0.195067264573991
0.094170403587444,-0.181614349775785
0.094170403587444,-0.168161434977578
0.094170403587444,-0.154708520179372
0.094170403587444,-0.141255605381166
0.094170403587444,-0.127802690582960
0.094170403587444,-0.114349775784753
0.094170403587444,-0.100896860986547
0.094170403587444,-0.087443946188341
0.094170403587444,-0.073991031390134
0.094170403587444,-0.060538116591928
0.094170403587444,-0.047085201793722
0.094170403587444,-0.033632286995516
0.094170403587444,-0.020179372197309
0.094170403587444,-0.006726457399103
0.094170403587444,0.006726457399103
0.094170403587444,0.020179372197310
0.094170403587444,0.033632286995516
0.094170403587444,0.047085201793722
0.094170403587444,0.060538116591928
0.094170403587444,0.073991031390135
0.094170403587444,0.087443946188341
0.094170403587444,0.100896860986547
0.094170403587444,0.114349775784753
0.094170403587444,0.127802690582960
0.094170403587444,0.141255605381166
0.094170403587444,0.154708520179372
0.094170403587444,0.168161434977579
0.094170403587444,0.181614349775785
0.094170403587444,0.195067264573991
0.094170403587444,0.208520179372197
0.094170403587444,0.221973094170404
0.094170403587444,0.235426008968610
0.094170403587444,0.248878923766816
0.094170403587444,0.262331838565022
0.094170403587444,0.275784753363229
0.094170403587444,0.289237668161435
0.094170403587444,0.302690582959641
0.094170403587444,0.316143497757848
0.094170403587444,0.329596412556054
0.094170403587444,0.343049327354260
0.094170403587444,0.356502242152466
0.094170403587444,0.369955156950673
0.094170403587444,0.383408071748879
0.094170403587444,0.396860986547085
0.094170403587444,0.410313901345292
0.094170403587444,0.423766816143498
0.094170403587444,0.437219730941704
0.094170403587444,0.450672645739910
0.094170403587444,0.464125560538117
0.094170403587444,0.477578475336323
0.094170403587444,0.491031390134529
0.094170403587444,0.504484304932736
0.094170403587444,0.517937219730942
0.094170403587444,0.531390134529148
0.094170403587444,0.544843049327354
0.094170403587444,0.558295964125560
0.094170403587444,0.571748878923767
0.094170403587444,0.585201793721973
0.094170403587444,0.598654708520180
0.121076233183857,-0.625560538116592
0.121076233183857,-0.612107623318386
0.121076233183857,-0.598654708520179
0.121076233183857,-0.585201793721973
0.121076233183857,-0.571748878923767
0.121076233183857,-0.558295964125560
0.121076233183857,-0.544843049327354
0.121076233183857,-0.531390134529148
0.121076233183857,-0.517937219730942
0.121076233183857,-0.504484304932735
0.121076233183857,-0.491031390134529
0.121076233183857,-0.477578475336323
0.121076233183857,-0.464125560538116
0.121076233183857,-0.450672645739910
0.121076233183857,-0.437219730941704
0.121076233183857,-0.423766816143498
0.121076233183857,-0.410313901345291
0.121076233183857,-0.396860986547085
0.121076233183857,-0.383408071748879
0.121076233183857,-0.369955156950672
0.121076233183857,-0.356502242152466
0.121076233183857,-0.343049327354260
0.121076233183857,-0.329596412556054
0.121076233183857,-0.316143497757847
0.121076233183857,-0.302690582959641
0.121076233183857,-0.289237668161435
0.121076233183857,-0.275784753363229
0.121076233183857,-0.262331838565022
0.121076233183857,-0.248878923766816
0.121076233183857,-0.235426008968610
0.121076233183857,-0.221973094170403
0.121076233183857,-0.208520179372197
0.121076233183857,-0.195067264573991
0.121076233183857,-0.181614349775785
0.121076233183857,-0.168161434977578
0.121076233183857,-0.154708520179372
0.121076233183857,-0.141255605381166
0.121076233183857,-0.127802690582960
0.121076233183857,-0.114349775784753
0.121076233183857,-0.100896860986547
0.121076233183857,-0.087443946188341
0.121076233183857,-0.073991031390134
0.121076233183857,-0.060538116591928
0.121076233183857,-0.047085201793722
0.121076233183857,-0.033632286995516
0.121076233183857,-0.020179372197309
0.121076233183857,-0.006726457399103
0.121076233183857,0.006726457399103
0.121076233183857,0.020179372197310
0.121076233183857,0.033632286995516
0.121076233183857,0.047085201793722
0.121076233183857,0.060538116591928
0.121076233183857,0.073991031390135
0.121076233183857,0.087443946188341
0.121076233183857,0.100896860986547
0.121076233183857,0.114349775784753
0.121076233183857,0.127802690582960
0.121076233183857,0.141255605381166
0.121076233183857,0.154708520179372
0.121076233183857,0.168161434977579
0.121076233183857,0.181614349775785
0.121076233183857,0.195067264573991
0.121076233183857,0.208520179372197
0.121076233183857,0.221973094170404
0.121076233183857,0.235426008968610
0.121076233183857,0.248878923766816
0.121076233183857,0.262331838565022
0.121076233183857,0.275784753363229
0.121076233183857,0.289237668161435
0.121076233183857,0.302690582959641
0.121076233183857,0.316143497757848
0.121076233183857,0.329596412556054
0.121076233183857,0.343049327354260
0.121076233183857,0.356502242152466
0.121076233183857,0.369955156950673
0.121076233183857,0.383408071748879
0.121076233183857,0.396860986547085
0.121076233183857,0.410313901345292
0.121076233183857,0.423766816143498
0.121076233183857,0.437219730941704
0.121076233183857,0.450672645739910
0.121076233183857,0.464125560538117
0.121076233183857,0.477578475336323
0.121076233183857,0.491031390134529
0.121076233183857,0.504484304932736
0.121076233183857,0.517937219730942
0.121076233183857,0.531390134529148
0.121076233183857,0.544843049327354
0.121076233183857,0.558295964125560
0.121076233183857,0.571748878923767
0.121076233183857,0.585201793721973
0.121076233183857,0.598654708520180
0.121076233183857,0.612107623318386
0.121076233183857,0.625560538116592
0.147982062780269,-0.571748878923767
0.147982062780269,-0.558295964125560
0.147982062780269,-0.544843049327354
0.147982062780269,-0.531390134529148
0.147982062780269,-0.517937219730942
0.147982062780269,-0.504484304932735
0.147982062780269,-0.491031390134529
0.147982062780269,-0.477578475336323
0.147982062780269,-0.464125560538116
0.147982062780269,-0.450672645739910
0.147982062780269,-0.437219730941704
0.147982062780269,-0.423766816143498
0.147982062780269,-0.410313901345291
0.147982062780269,-0.396860986547085
0.147982062780269,-0.383408071748879
0.147982062780269,-0.369955156950672
0.147982062780269,-0.356502242152466
0.147982062780269,-0.343049327354260
0.147982062780269,-0.329596412556054
0.147982062780269,-0.316143497757847
0.147982062780269,-0.302690582959641
0.147982062780269,-0.289237668161435
0.147982062780269,-0.275784753363229
0.147982062780269,-0.262331838565022
0.147982062780269,-0.248878923766816
0.147982062780269,-0.235426008968610
0.147982062780269,-0.221973094170403
0.147982062780269,-0.208520179372197
0.147982062780269,-0.195067264573991
0.147982062780269,-0.181614349775785
0.147982062780269,-0.168161434977578
0.147982062780269,-0.154708520179372
0.147982062780269,-0.141255605381166
0.147982062780269,-0.127802690582960
0.147982062780269,-0.114349775784753
0.147982062780269,-0.100896860986547
0.147982062780269,-0.087443946188341
0.147982062780269,-0.073991031390134
0.147982062780269,-0.060538116591928
0.147982062780269,-0.047085201793722
0.147982062780269,-0.033632286995516
0.147982062780269,-0.020179372197309
0.147982062780269,-0.006726457399103
0.147982062780269,0.006726457399103
0.147982062780269,0.020179372197310
0.147982062780269,0.033632286995516
0.147982062780269,0.047085201793722
0.147982062780269,0.060538116591928
0.147982062780269,0.073991031390135
0.147982062780269,0.087443946188341
0.147982062780269,0.100896860986547
0.147982062780269,0.114349775784753
0.147982062780269,0.127802690582960
0.147982062780269,0.141255605381166
0.147982062780269,0.154708520179372
0.147982062780269,0.168161434977579
0.147982062780269,0.181614349775785
0.147982062780269,0.195067264573991
0.147982062780269,0.208520179372197
0.147982062780269,0.221973094170404
0.147982062780269,0.235426008968610
0.147982062780269,0.248878923766816
0.147982062780269,0.262331838565022
0.147982062780269,0.275784753363229
0.147982062780269,0.289237668161435
0.147982062780269,0.302690582959641
0.147982062780269,0.316143497757848
0.147982062780269,0.329596412556054
0.147982062780269,0.343049327354260
0.147982062780269,0.356502242152466
0.147982062780269,0.369955156950673
0.147982062780269,0.383408071748879
0.147982062780269,0.396860986547085
0.147982062780269,0.410313901345292
0.147982062780269,0.423766816143498
0.147982062780269,0.437219730941704
0.147982062780269,0.450672645739910
0.147982062780269,0.464125560538117
0.147982062780269,0.477578475336323
0.147982062780269,0.491031390134529
0.147982062780269,0.504484304932736
0.147982062780269,0.517937219730942
0.147982062780269,0.531390134529148
0.147982062780269,0.544843049327354
0.147982062780269,0.558295964125560
0.147982062780269,0.571748878923767
0.174887892376682,-0.571748878923767
0.174887892376682,-0.558295964125560
0.174887892376682,-0.544843049327354
0.174887892376682,-0.531390134529148
0.174887892376682,-0.517937219730942
0.174887892376682,-0.504484304932735
0.174887892376682,-0.491031390134529
0.174887892376682,-0.477578475336323
0.174887892376682,-0.464125560538116
0.174887892376682,-0.450672645739910
0.174887892376682,-0.437219730941704
0.174887892376682,-0.423766816143498
0.174887892376682,-0.410313901345291
0.174887892376682,-0.396860986547085
0.174887892376682,-0.383408071748879
0.174887892376682,-0.369955156950672
0.174887892376682,-0.356502242152466
0.174887892376682,-0.343049327354260
0.174887892376682,-0.329596412556054
0.174887892376682,-0.316143497757847
0.174887892376682,-0.302690582959641
0.174887892376682,-0.289237668161435
0.174887892376682,-0.275784753363229
0.174887892376682,-0.262331838565022
0.174887892376682,-0.248878923766816
0.174887892376682,-0.235426008968610
0.174887892376682,-0.221973094170403
0.174887892376682,-0.208520179372197
0.174887892376682,-0.195067264573991
0.174887892376682,-0.181614349775785
0.174887892376682,-0.168161434977578
0.174887892376682,-0.154708520179372
0.174887892376682,-0.141255605381166
0.174887892376682,-0.127802690582960
0.174887892376682,-0.114349775784753
0.174887892376682,-0.100896860986547
0.174887892376682,-0.087443946188341
0.174887892376682,-0.073991031390134
0.174887892376682,-0.060538116591928
0.174887892376682,-0.047085201793722
0.174887892376682,-0.033632286995516
0.174887892376682,-0.020179372197309
0.174887892376682,-0.006726457399103
0.174887892376682,0.006726457399103
0.174887892376682,0.020179372197310
0.174887892376682,0.033632286995516
0.174887892376682,0.047085201793722
0.174887892376682,0.060538116591928
0.174887892376682,0.073991031390135
0.174887892376682,0.087443946188341
0.174887892376682,0.100896860986547
0.174887892376682,0.114349775784753
0.174887892376682,0.127802690582960
0.174887892376682,0.141255605381166
0.174887892376682,0.154708520179372
0.174887892376682,0.168161434977579
0.174887892376682,0.181614349775785
0.174887892376682,0.195067264573991
0.174887892376682,0.208520179372197
0.174887892376682,0.221973094170404
0.174887892376682,0.235426008968610
0.174887892376682,0.248878923766816
0.174887892376682,0.262331838565022
0.174887892376682,0.275784753363229
0.174887892376682,0.289237668161435
0.174887892376682,0.302690582959641
0.174887892376682,0.316143497757848
0.174887892376682,0.329596412556054
0.174887892376682,0.343049327354260
0.174887892376682,0.356502242152466
0.174887892376682,0.369955156950673
0.174887892376682,0.383408071748879
0.174887892376682,0.396860986547085
0.174887892376682,0.410313901345292
0.174887892376682,0.423766816143498
0.174887892376682,0.437219730941704
0.174887892376682,0.450672645739910
0.174887892376682,0.464125560538117
0.174887892376682,0.477578475336323
0.174887892376682,0.491031390134529
0.174887892376682,0.504484304932736
0.174887892376682,0.517937219730942
0.174887892376682,0.531390134529148
0.174887892376682,0.544843049327354
0.174887892376682,0.558295964125560
0.174887892376682,0.571748878923767
0.201793721973095,-0.531390134529148
0.201793721973095,-0.517937219730942
0.201793721973095,-0.504484304932735
0.201793721973095,-0.491031390134529
0.201793721973095,-0.477578475336323
0.201793721973095,-0.464125560538116
0.201793721973095,-0.450672645739910
0.201793721973095,-0.437219730941704
0.201793721973095,-0.423766816143498
0.201793721973095,-0.410313901345291
0.201793721973095,-0.396860986547085
0.201793721973095,-0.383408071748879
0.201793721973095,-0.369955156950672
0.201793721973095,-0.356502242152466
0.201793721973095,-0.343049327354260
0.201793721973095,-0.329596412556054
0.201793721973095,-0.316143497757847
0.201793721973095,-0.302690582959641
0.201793721973095,-0.289237668161435
0.201793721973095,-0.275784753363229
0.201793721973095,-0.262331838565022
0.201793721973095,-0.248878923766816
0.201793721973095,-0.235426008968610
0.201793721973095,-0.221973094170403
0.201793721973095,-0.208520179372197
0.201793721973095,-0.195067264573991
0.201793721973095,-0.181614349775785
0.201793721973095,-0.168161434977578
0.201793721973095,-0.154708520179372
0.201793721973095,-0.141255605381166
0.201793721973095,-0.127802690582960
0.201793721973095,-0.114349775784753
0.201793721973095,-0.100896860986547
0.201793721973095,-0.087443946188341
0.201793721973095,-0.073991031390134
0.201793721973095,-0.060538116591928
0.201793721973095,-0.047085201793722
0.201793721973095,-0.033632286995516
0.201793721973095,-0.020179372197309
0.201793721973095,-0.006726457399103
0.201793721973095,0.006726457399103
0.201793721973095,0.020179372197310
0.201793721973095,0.033632286995516
0.201793721973095,0.047085201793722
0.201793721973095,0.060538116591928
0.201793721973095,0.073991031390135
0.201793721973095,0.087443946188341
0.201793721973095,0.100896860986547
0.201793721973095,0.114349775784753
0.201793721973095,0.127802690582960
0.201793721973095,0.141255605381166
0.201793721973095,0.154708520179372
0.201793721973095,0.168161434977579
0.201793721973095,0.181614349775785
0.201793721973095,0.195067264573991
0.201793721973095,0.208520179372197
0.201793721973095,0.221973094170404
0.201793721973095,0.235426008968610
0.201793721973095,0.248878923766816
0.201793721973095,0.262331838565022
0.201793721973095,0.275784753363229
0.201793721973095,0.289237668161435
0.201793721973095,0.302690582959641
0.201793721973095,0.316143497757848
0.201793721973095,0.329596412556054
0.201793721973095,0.343049327354260
0.201793721973095,0.356502242152466
0.201793721973095,0.369955156950673
0.201793721973095,0.383408071748879
0.201793721973095,0.396860986547085
0.201793721973095,0.410313901345292
0.201793721973095,0.423766816143498
0.201793721973095,0.437219730941704
0.201793721973095,0.450672645739910
0.201793721973095,0.464125560538117
0.201793721973095,0.477578475336323
0.201793721973095,0.491031390134529
0.201793721973095,0.504484304932736
0.201793721973095,0.517937219730942
0.201793721973095,0.531390134529148
0.228699551569507,-0.517937219730942
0.228699551569507,-0.504484304932735
0.228699551569507,-0.491031390134529
0.228699551569507,-0.477578475336323
0.228699551569507,-0.464125560538116
0.228699551569507,-0.450672645739910
0.228699551569507,-0.437219730941704
0.228699551569507,-0.423766816143498
0.228699551569507,-0.410313901345291
0.228699551569507,-0.396860986547085
0.228699551569507,-0.383408071748879
0.228699551569507,-0.369955156950672
0.228699551569507,-0.356502242152466
0.228699551569507,-0.343049327354260
0.228699551569507,-0.329596412556054
0.228699551569507,-0.316143497757847
0.228699551569507,-0.302690582959641
0.228699551569507,-0.289237668161435
0.228699551569507,-0.275784753363229
0.228699551569507,-0.262331838565022
0.228699551569507,-0.248878923766816
0.228699551569507,-0.235426008968610
0.228699551569507,-0.221973094170403
0.228699551569507,-0.208520179372197
0.228699551569507,-0.195067264573991
0.228699551569507,-0.181614349775785
0.228699551569507,-0.168161434977578
0.228699551569507,-0.154708520179372
0.228699551569507,-0.141255605381166
0.228699551569507,-0.127802690582960
0.228699551569507,-0.114349775784753
0.228699551569507,-0.100896860986547
0.228699551569507,-0.087443946188341
0.228699551569507,-0.073991031390134
0.228699551569507,-0.060538116591928
0.228699551569507,-0.047085201793722
0.228699551569507,-0.033632286995516
0.228699551569507,-0.020179372197309
0.228699551569507,-0.006726457399103
0.228699551569507,0.006726457399103
0.228699551569507,0.020179372197310
0.228699551569507,0.033632286995516
0.228699551569507,0.047085201793722
0.228699551569507,0.060538116591928
0.228699551569507,0.073991031390135
0.228699551569507,0.087443946188341
0.228699551569507,0.100896860986547
0.228699551569507,0.114349775784753
0.228699551569507,0.127802690582960
0.228699551569507,0.141255605381166
0.228699551569507,0.154708520179372
0.228699551569507,0.168161434977579
0.228699551569507,0.181614349775785
0.228699551569507,0.195067264573991
0.228699551569507,0.208520179372197
0.228699551569507,0.221973094170404
0.228699551569507,0.235426008968610
0.228699551569507,0.248878923766816
0.228699551569507,0.262331838565022
0.228699551569507,0.275784753363229
0.228699551569507,0.289237668161435
0.228699551569507,0.302690582959641
0.228699551569507,0.316143497757848
0.228699551569507,0.329596412556054
0.228699551569507,0.343049327354260
0.228699551569507,0.356502242152466
0.228699551569507,0.369955156950673
0.228699551569507,0.383408071748879
0.228699551569507,0.396860986547085
0.228699551569507,0.410313901345292
0.228699551569507,0.423766816143498
0.228699551569507,0.437219730941704
0.228699551569507,0.450672645739910
0.228699551569507,0.464125560538117
0.228699551569507,0.477578475336323
0.228699551569507,0.491031390134529
0.228699551569507,0.504484304932736
0.228699551569507,0.517937219730942
0.255605381165919,-0.558295964125560
0.255605381165919,-0.544843049327354
0.255605381165919,-0.531390134529148
0.255605381165919,-0.517937219730942
0.255605381165919,-0.504484304932735
0.255605381165919,-0.491031390134529
0.255605381165919,-0.477578475336323
0.255605381165919,-0.464125560538116
0.255605381165919,-0.450672645739910
0.255605381165919,-0.437219730941704
0.255605381165919,-0.423766816143498
0.255605381165919,-0.410313901345291
0.255605381165919,-0.396860986547085
0.255605381165919,-0.383408071748879
0.255605381165919,-0.369955156950672
0.255605381165919,-0.356502242152466
0.255605381165919,-0.343049327354260
0.255605381165919,-0.329596412556054
0.255605381165919,-0.316143497757847
0.255605381165919,-0.302690582959641
0.255605381165919,-0.289237668161435
0.255605381165919,-0.275784753363229
0.255605381165919,-0.262331838565022
0.255605381165919,-0.248878923766816
0.255605381165919,-0.235426008968610
0.255605381165919,-0.221973094170403
0.255605381165919,-0.208520179372197
0.255605381165919,-0.195067264573991
0.255605381165919,-0.181614349775785
0.255605381165919,-0.168161434977578
0.255605381165919,-0.154708520179372
0.255605381165919,-0.141255605381166
0.255605381165919,-0.127802690582960
0.255605381165919,-0.114349775784753
0.255605381165919,-0.100896860986547
0.255605381165919,-0.087443946188341
0.255605381165919,-0.073991031390134
0.255605381165919,-0.060538116591928
0.255605381165919,-0.047085201793722
0.255605381165919,-0.033632286995516
0.255605381165919,-0.020179372197309
0.255605381165919,-0.006726457399103
0.255605381165919,0.006726457399103
0.255605381165919,0.020179372197310
0.255605381165919,0.033632286995516
0.255605381165919,0.047085201793722
0.255605381165919,0.060538116591928
0.255605381165919,0.073991031390135
0.255605381165919,0.087443946188341
0.255605381165919,0.100896860986547
0.255605381165919,0.114349775784753
0.255605381165919,0.127802690582960
0.255605381165919,0.141255605381166
0.255605381165919,0.154708520179372
0.255605381165919,0.168161434977579
0.255605381165919,0.181614349775785
0.255605381165919,0.195067264573991
0.255605381165919,0.208520179372197
0.255605381165919,0.221973094170404
0.255605381165919,0.235426008968610
0.255605381165919,0.248878923766816
0.255605381165919,0.262331838565022
0.255605381165919,0.275784753363229
0.255605381165919,0.289237668161435
0.255605381165919,0.302690582959641
0.255605381165919,0.316143497757848
0.255605381165919,0.329596412556054
0.255605381165919,0.343049327354260
0.255605381165919,0.356502242152466
0.255605381165919,0.369955156950673
0.255605381165919,0.383408071748879
0.255605381165919,0.396860986547085
0.255605381165919,0.410313901345292
0.255605381165919,0.423766816143498
0.255605381165919,0.437219730941704
0.255605381165919,0.450672645739910
0.255605381165919,0.464125560538117
0.255605381165919,0.477578475336323
0.255605381165919,0.491031390134529
0.255605381165919,0.504484304932736
0.255605381165919,0.517937219730942
0.255605381165919,0.531390134529148
0.255605381165919,0.544843049327354
0.255605381165919,0.558295964125560
0.282511210762332,-0.571748878923767
0.282511210762332,-0.558295964125560
0.282511210762332,-0.544843049327354
0.282511210762332,-0.531390134529148
0.282511210762332,-0.517937219730942
0.282511210762332,-0.504484304932735
0.282511210762332,-0.491031390134529
0.282511210762332,-0.450672645739910
0.282511210762332,-0.437219730941704
0.282511210762332,-0.423766816143498
0.282511210762332,-0.410313901345291
0.282511210762332,-0.396860986547085
0.282511210762332,-0.383408071748879
0.282511210762332,-0.369955156950672
0.282511210762332,-0.356502242152466
0.282511210762332,-0.343049327354260
0.282511210762332,-0.329596412556054
0.282511210762332,-0.316143497757847
0.282511210762332,-0.302690582959641
0.282511210762332,-0.289237668161435
0.282511210762332,-0.275784753363229
0.282511210762332,-0.262331838565022
0.282511210762332,-0.248878923766816
0.282511210762332,-0.235426008968610
0.282511210762332,-0.221973094170403
0.282511210762332,-0.208520179372197
0.282511210762332,-0.195067264573991
0.282511210762332,-0.181614349775785
0.282511210762332,-0.168161434977578
0.282511210762332,-0.154708520179372
0.282511210762332,-0.141255605381166
0.282511210762332,-0.127802690582960
0.282511210762332,-0.114349775784753
0.282511210762332,-0.100896860986547
0.282511210762332,-0.087443946188341
0.282511210762332,-0.073991031390134
0.282511210762332,-0.060538116591928
0.282511210762332,-0.047085201793722
0.282511210762332,-0.033632286995516
0.282511210762332,-0.020179372197309
0.282511210762332,0.020179372197310
0.282511210762332,0.033632286995516
0.282511210762332,0.047085201793722
0.282511210762332,0.060538116591928
0.282511210762332,0.073991031390135
0.282511210762332,0.087443946188341
0.282511210762332,0.100896860986547
0.282511210762332,0.114349775784753
0.282511210762332,0.127802690582960
0.282511210762332,0.141255605381166
0.282511210762332,0.154708520179372
0.282511210762332,0.168161434977579
0.282511210762332,0.181614349775785
0.282511210762332,0.195067264573991
0.282511210762332,0.208520179372197
0.282511210762332,0.221973094170404
0.282511210762332,0.235426008968610
0.282511210762332,0.248878923766816
0.282511210762332,0.262331838565022
0.282511210762332,0.275784753363229
0.282511210762332,0.289237668161435
0.282511210762332,0.302690582959641
0.282511210762332,0.316143497757848
0.282511210762332,0.329596412556054
0.282511210762332,0.343049327354260
0.282511210762332,0.356502242152466
0.282511210762332,0.369955156950673
0.282511210762332,0.383408071748879
0.282511210762332,0.396860986547085
0.282511210762332,0.410313901345292
0.282511210762332,0.423766816143498
0.282511210762332,0.437219730941704
0.282511210762332,0.450672645739910
0.282511210762332,0.491031390134529
0.282511210762332,0.504484304932736
0.282511210762332,0.517937219730942
0.282511210762332,0.531390134529148
0.282511210762332,0.544843049327354
0.282511210762332,0.558295964125560
0.282511210762332,0.571748878923767
0.309417040358745,-0.558295964125560
0.309417040358745,-0.544843049327354
0.309417040358745,-0.531390134529148
0.309417040358745,-0.517937219730942
0.309417040358745,-0.504484304932735
0.309417040358745,-0.437219730941704
0.309417040358745,-0.423766816143498
0.309417040358745,-0.410313901345291
0.309417040358745,-0.396860986547085
0.309417040358745,-0.383408071748879
0.309417040358745,-0.369955156950672
0.309417040358745,-0.356502242152466
0.309417040358745,-0.343049327354260
0.309417040358745,-0.329596412556054
0.309417040358745,-0.316143497757847
0.309417040358745,-0.302690582959641
0.309417040358745,-0.289237668161435
0.309417040358745,-0.275784753363229
0.309417040358745,-0.262331838565022
0.309417040358745,-0.248878923766816
0.309417040358745,-0.235426008968610
0.309417040358745,-0.221973094170403
0.309417040358745,-0.208520179372197
0.309417040358745,-0.195067264573991
0.309417040358745,-0.181614349775785
0.309417040358745,-0.168161434977578
0.309417040358745,-0.154708520179372
0.309417040358745,-0.141255605381166
0.309417040358745,-0.127802690582960
0.309417040358745,-0.114349775784753
0.309417040358745,-0.100896860986547
0.309417040358745,-0.087443946188341
0.309417040358745,-0.073991031390134
0.309417040358745,-0.060538116591928
0.309417040358745,-0.047085201793722
0.309417040358745,-0.033632286995516
0.309417040358745,0.033632286995516
0.309417040358745,0.047085201793722
0.309417040358745,0.060538116591928
0.309417040358745,0.073991031390135
0.309417040358745,0.087443946188341
0.309417040358745,0.100896860986547
0.309417040358745,0.114349775784753
0.309417040358745,0.127802690582960
0.309417040358745,0.141255605381166
0.309417040358745,0.154708520179372
0.309417040358745,0.168161434977579
0.309417040358745,0.181614349775785
0.309417040358745,0.195067264573991
0.309417040358745,0.208520179372197
0.309417040358745,0.221973094170404
0.309417040358745,0.235426008968610
0.309417040358745,0.248878923766816
0.309417040358745,0.262331838565022
0.309417040358745,0.275784753363229
0.309417040358745,0.289237668161435
0.309417040358745,0.302690582959641
0.309417040358745,0.316143497757848
0.309417040358745,0.329596412556054
0.309417040358745,0.343049327354260
0.309417040358745,0.356502242152466
0.309417040358745,0.369955156950673
0.309417040358745,0.383408071748879
0.309417040358745,0.396860986547085
0.309417040358745,0.410313901345292
0.309417040358745,0.423766816143498
0.309417040358745,0.437219730941704
0.309417040358745,0.504484304932736
0.309417040358745,0.517937219730942
0.309417040358745,0.531390134529148
0.309417040358745,0.544843049327354
0.309417040358745,0.558295964125560
0.336322869955157,-0.571748878923767
0.336322869955157,-0.558295964125560
0.336322869955157,-0.410313901345291
0.336322869955157,-0.369955156950672
0.336322869955157,-0.356502242152466
0.336322869955157,-0.343049327354260
0.336322869955157,-0.329596412556054
0.336322869955157,-0.316143497757847
0.336322869955157,-0.302690582959641
0.336322869955157,-0.289237668161435
0.336322869955157,-0.275784753363229
0.336322869955157,-0.262331838565022
0.336322869955157,-0.248878923766816
0.336322869955157,-0.235426008968610
0.336322869955157,-0.221973094170403
0.336322869955157,-0.208520179372197
0.336322869955157,-0.195067264573991
0.336322869955157,-0.181614349775785
0.336322869955157,-0.168161434977578
0.336322869955157,-0.154708520179372
0.336322869955157,-0.141255605381166
0.336322869955157,-0.127802690582960
0.336322869955157,-0.114349775784753
0.336322869955157,-0.100896860986547
0.336322869955157,-0.087443946188341
0.336322869955157,-0.073991031390134
0.336322869955157,0.073991031390135
0.336322869955157,0.087443946188341
0.336322869955157,0.100896860986547
0.336322869955157,0.114349775784753
0.336322869955157,0.127802690582960
0.336322869955157,0.141255605381166
0.336322869955157,0.154708520179372
0.336322869955157,0.168161434977579
0.336322869955157,0.181614349775785
0.336322869955157,0.195067264573991
0.336322869955157,0.208520179372197
0.336322869955157,0.221973094170404
0.336322869955157,0.235426008968610
0.336322869955157,0.248878923766816
0.336322869955157,0.262331838565022
0.336322869955157,0.275784753363229
0.336322869955157,0.289237668161435
0.336322869955157,0.302690582959641
0.336322869955157,0.316143497757848
0.336322869955157,0.329596412556054
0.336322869955157,0.343049327354260
0.336322869955157,0.356502242152466
0.336322869955157,0.369955156950673
0.336322869955157,0.410313901345292
0.336322869955157,0.558295964125560
0.336322869955157,0.571748878923767
0.363228699551570,-0.343049327354260
0.363228699551570,-0.329596412556054
0.363228699551570,-0.302690582959641
0.363228699551570,-0.289237668161435
0.363228699551570,-0.275784753363229
0.363228699551570,-0.262331838565022
0.363228699551570,-0.248878923766816
0.363228699551570,-0.235426008968610
0.363228699551570,-0.221973094170403
0.363228699551570,-0.208520179372197
0.363228699551570,-0.195067264573991
0.363228699551570,-0.181614349775785
0.363228699551570,-0.168161434977578
0.363228699551570,-0.154708520179372
0.363228699551570,-0.141255605381166
0.363228699551570,-0.100896860986547
0.363228699551570,0.100896860986547
0.363228699551570,0.141255605381166
0.363228699551570,0.154708520179372
0.363228699551570,0.168161434977579
0.363228699551570,0.181614349775785
0.363228699551570,0.195067264573991
0.363228699551570,0.208520179372197
0.363228699551570,0.221973094170404
0.363228699551570,0.235426008968610
0.363228699551570,0.248878923766816
0.363228699551570,0.262331838565022
0.363228699551570,0.275784753363229
0.363228699551570,0.289237668161435
0.363228699551570,0.302690582959641
0.363228699551570,0.329596412556054
0.363228699551570,0.343049327354260
0.390134529147982,-0.356502242152466
0.390134529147982,-0.343049327354260
0.390134529147982,-0.329596412556054
0.390134529147982,-0.316143497757847
0.390134529147982,-0.221973094170403
0.390134529147982,-0.208520179372197
0.390134529147982,0.208520179372197
0.390134529147982,0.221973094170404
0.390134529147982,0.316143497757848
0.390134529147982,0.329596412556054
0.390134529147982,0.343049327354260
0.390134529147982,0.356502242152466
